publicID,timestamp,probNum,energy,score
0175,20180723091732,FA004,1195558,4000
0140,20180723083313,FA004,1392258,3999
0170,20180723090828,FA004,1362136,3999
0037,20180723081913,FA004,1807554,3997
0059,20180723070519,FA004,2483688,3995
0062,20180723094621,FA004,2528864,3995
0107,20180723095330,FA004,4009300,3989
0028,20180723095005,FA004,5876934,3982
0005,20180723095444,FA004,7386906,3977
0178,20180723091930,FA004,8343120,3973
0007,20180723084100,FA004,8644454,3972
0012,20180723095148,FA004,9288370,3970
0013,20180723095602,FA004,9938748,3968
0180,20180723012939,FA004,9711456,3968
0050,20180722234132,FA004,10982384,3964
0128,20180723080032,FA004,12221146,3959
0044,20180723094545,FA004,13543890,3954
0137,20180723092431,FA004,14479202,3951
0079,20180723093913,FA004,14791692,3950
0148,20180722124408,FA004,15494348,3947
0036,20180723092837,FA004,18371150,3937
0106,20180723080808,FA004,18503404,3936
0090,20180722214458,FA004,18896666,3935
0030,20180723095752,FA004,21129472,3927
0145,20180723072812,FA004,21387340,3926
0022,20180723094243,FA004,22515336,3922
0123,20180723094718,FA004,22587870,3921
0121,20180723095417,FA004,23336102,3919
0085,20180723061935,FA004,23523488,3918
0019,20180722082837,FA004,24773084,3913
0046,20180723044609,FA004,25062508,3912
0017,20180723095025,FA004,26121904,3909
0147,20180723091146,FA004,26983168,3905
0099,20180723094258,FA004,27824548,3902
0173,20180723023324,FA004,30778384,3892
0073,20180723065133,FA004,31691412,3888
0115,20180722190523,FA004,33178180,3883
0027,20180723070658,FA004,34401886,3878
0080,20180723091944,FA004,34860014,3877
0161,20180723094758,FA004,37106060,3868
0158,20180723095059,FA004,40617874,3856
0093,20180723063706,FA004,41351720,3853
0096,20180723030327,FA004,42283174,3850
0048,20180723094313,FA004,44198964,3843
0091,20180723055939,FA004,46464136,3834
0053,20180723081934,FA004,47280884,3831
0072,20180723093844,FA004,47653368,3830
0024,20180722153731,FA004,51000412,3818
0155,20180723091903,FA004,58207872,3791
0105,20180723020528,FA004,59844694,3785
0089,20180723084608,FA004,63319744,3773
0127,20180723023247,FA004,65112760,3766
0185,20180723052809,FA004,65975006,3763
0067,20180723090345,FA004,70879628,3745
0023,20180723094953,FA004,73853044,3734
0179,20180723092403,FA004,73897984,3734
0169,20180723095534,FA004,74911060,3731
0049,20180723095517,FA004,75554724,3728
0031,20180723063332,FA004,79285772,3715
0042,20180721185323,FA004,82923052,3701
0108,20180723095034,FA004,83346712,3700
0165,20180723094919,FA004,95473192,3655
0071,20180723075909,FA004,96076776,3653
0039,20180722122100,FA004,96770596,3651
0159,20180721213933,FA004,104427920,3623
0132,20180723090115,FA004,107017788,3613
0006,20180723065228,FA004,112929756,3592
0116,20180723074448,FA004,118709524,3571
0154,20180722183554,FA004,124448920,3550
0164,20180723012316,FA004,131865112,3523
0183,20180723093537,FA004,133810680,3516
0131,20180723092947,FA004,138308220,3499
0181,20180723051620,FA004,140243396,3492
0182,20180723025201,FA004,140219376,3492
0160,20180723092250,FA004,150530260,3455
0114,20180723092504,FA004,154122008,3441
0136,20180722133705,FA004,165434486,3400
0029,20180723060713,FA004,166657024,3396
0011,20180723034651,FA004,179822052,3348
0074,20180722164830,FA004,192842242,3300
0117,20180723052339,FA004,200641764,3272
0002,20180723071906,FA004,237988204,3135
0052,20180722193851,FA004,258823976,3059
0015,20180723053956,FA004,267488376,3028
0113,20180721191826,FA004,284850404,2964
0177,20180722214835,FA004,290144944,2945
0088,20180722125920,FA004,373416492,2641
0047,20180722111452,FA004,394042132,2566
0084,20180722223732,FA004,404736492,2527
0110,20180723050816,FA004,467615972,2298
0034,20180722195243,FA004,1097434212,0
0082,20180722141238,FA004,1097434212,0
0086,20180723095050,FA004,1097434212,0
0112,20180723031824,FA004,1097434212,0
0135,20180723095531,FA004,1097434212,0
0037,20180723081913,FA008,1411344,4000
0013,20180723095602,FA008,1893328,3998
0175,20180723091732,FA008,2155494,3997
0140,20180723083313,FA008,2549492,3996
0170,20180723090828,FA008,2342962,3996
0028,20180723095005,FA008,2736290,3995
0121,20180723095417,FA008,2696800,3995
0012,20180723095148,FA008,3735764,3992
0062,20180723094621,FA008,3746278,3992
0107,20180723095330,FA008,3634308,3992
0030,20180723095752,FA008,4480262,3989
0005,20180723095444,FA008,8958682,3974
0024,20180722153731,FA008,9667672,3972
0059,20180723070519,FA008,9763060,3971
0090,20180722214458,FA008,10285408,3970
0115,20180722190523,FA008,10875304,3968
0137,20180723092431,FA008,11054998,3967
0007,20180723084100,FA008,11326052,3966
0044,20180723094545,FA008,11508394,3965
0089,20180723084608,FA008,12479032,3962
0180,20180723012939,FA008,14713488,3955
0085,20180723061935,FA008,17517638,3945
0027,20180723070658,FA008,20115694,3936
0161,20180723094758,FA008,20631066,3935
0079,20180723093913,FA008,20684036,3934
0178,20180723091930,FA008,21223478,3933
0036,20180723092837,FA008,22257856,3929
0050,20180722234132,FA008,22303442,3929
0155,20180723091903,FA008,23506744,3925
0072,20180723093844,FA008,23715894,3924
0158,20180723095059,FA008,25681958,3917
0093,20180723063706,FA008,27122636,3913
0123,20180723094718,FA008,32405790,3895
0048,20180723094313,FA008,33623348,3891
0029,20180723060713,FA008,35211500,3885
0128,20180723080032,FA008,35340706,3885
0023,20180723094953,FA008,36731992,3880
0132,20180723090115,FA008,38650232,3874
0006,20180723065228,FA008,41711404,3863
0148,20180722124408,FA008,41929232,3863
0147,20180723091146,FA008,49648452,3836
0106,20180723080808,FA008,54790272,3819
0042,20180721185323,FA008,58395264,3807
0165,20180723094919,FA008,62000536,3795
0080,20180723091944,FA008,66342698,3780
0145,20180723072812,FA008,67643532,3776
0179,20180723092403,FA008,67593528,3776
0099,20180723094258,FA008,67747528,3775
0046,20180723044609,FA008,71295348,3763
0127,20180723023247,FA008,73007352,3758
0019,20180722082837,FA008,73215476,3757
0039,20180722122100,FA008,73427744,3756
0022,20180723094243,FA008,75305824,3750
0049,20180723095517,FA008,79654356,3735
0017,20180723095025,FA008,84511052,3719
0159,20180721213933,FA008,84325280,3719
0071,20180723075909,FA008,89465864,3702
0096,20180723030327,FA008,90967026,3697
0073,20180723065133,FA008,95411116,3682
0185,20180723052809,FA008,96045198,3680
0053,20180723081934,FA008,96628946,3678
0173,20180723023324,FA008,97043520,3676
0131,20180723092947,FA008,98108408,3673
0031,20180723063332,FA008,113873776,3619
0154,20180722183554,FA008,115160132,3615
0067,20180723090345,FA008,116194468,3612
0182,20180723025201,FA008,117109068,3609
0181,20180723051620,FA008,117133088,3608
0011,20180723034651,FA008,118764280,3603
0114,20180723092504,FA008,118839872,3603
0183,20180723093537,FA008,119265196,3601
0116,20180723074448,FA008,121123892,3595
0108,20180723095034,FA008,122377272,3591
0164,20180723012316,FA008,123511856,3587
0091,20180723055939,FA008,134854044,3549
0047,20180722111452,FA008,146071372,3511
0105,20180723020528,FA008,155303686,3479
0086,20180723095050,FA008,161916870,3457
0169,20180723095534,FA008,165939684,3443
0160,20180723092250,FA008,167390420,3439
0136,20180722133705,FA008,170738850,3427
0074,20180722164830,FA008,350357602,2820
0113,20180721191826,FA008,444428636,2502
0117,20180723052339,FA008,591604136,2005
0052,20180722193851,FA008,627919800,1882
0002,20180723071906,FA008,790771808,1332
0034,20180722195243,FA008,865116472,1081
0015,20180723053956,FA008,876126928,1043
0088,20180722125920,FA008,911556472,924
0177,20180722214835,FA008,922615636,886
0084,20180722223732,FA008,960156472,760
0110,20180723050816,FA008,1182173468,9
0082,20180722141238,FA008,1185055212,0
0112,20180723031824,FA008,1185055212,0
0135,20180723095531,FA008,1185055212,0
0085,20180723061935,FA011,486302,4000
0037,20180723081913,FA011,859870,3992
0007,20180723084100,FA011,920278,3991
0140,20180723083313,FA011,1190492,3986
0175,20180723091732,FA011,1176028,3986
0170,20180723090828,FA011,1230480,3985
0028,20180723095005,FA011,1545882,3979
0059,20180723070519,FA011,1856004,3973
0062,20180723094621,FA011,2419486,3962
0012,20180723095148,FA011,2550938,3959
0090,20180722214458,FA011,2906322,3952
0107,20180723095330,FA011,2928396,3952
0036,20180723092837,FA011,3043482,3949
0030,20180723095752,FA011,3568340,3939
0079,20180723093913,FA011,3770152,3935
0013,20180723095602,FA011,3841086,3934
0044,20180723094545,FA011,4029220,3930
0178,20180723091930,FA011,4411902,3923
0093,20180723063706,FA011,4969540,3912
0024,20180722153731,FA011,5041216,3910
0121,20180723095417,FA011,5778226,3896
0123,20180723094718,FA011,6097340,3890
0180,20180723012939,FA011,6198412,3888
0155,20180723091903,FA011,6745336,3877
0023,20180723094953,FA011,6951908,3873
0048,20180723094313,FA011,6951736,3873
0128,20180723080032,FA011,7000036,3872
0086,20180723095050,FA011,7024422,3871
0089,20180723084608,FA011,7161932,3869
0115,20180722190523,FA011,7240240,3867
0006,20180723065228,FA011,7288732,3866
0137,20180723092431,FA011,7668380,3859
0053,20180723081934,FA011,7937778,3854
0161,20180723094758,FA011,8201976,3848
0148,20180722124408,FA011,8770808,3837
0027,20180723070658,FA011,9603736,3821
0099,20180723094258,FA011,10514336,3803
0147,20180723091146,FA011,10558792,3802
0072,20180723093844,FA011,10645532,3801
0158,20180723095059,FA011,10656966,3800
0106,20180723080808,FA011,10765732,3798
0165,20180723094919,FA011,11222496,3789
0127,20180723023247,FA011,11365724,3786
0145,20180723072812,FA011,11774964,3778
0179,20180723092403,FA011,11822392,3778
0160,20180723092250,FA011,11846132,3777
0132,20180723090115,FA011,11991968,3774
0022,20180723094243,FA011,12255008,3769
0019,20180722082837,FA011,12398964,3766
0017,20180723095025,FA011,12880652,3757
0067,20180723090345,FA011,13077290,3753
0042,20180721185323,FA011,13360292,3747
0131,20180723092947,FA011,13528184,3744
0039,20180722122100,FA011,13622528,3742
0071,20180723075909,FA011,13961816,3736
0046,20180723044609,FA011,14417344,3727
0049,20180723095517,FA011,14533052,3724
0159,20180721213933,FA011,15186084,3712
0011,20180723034651,FA011,15641944,3703
0164,20180723012316,FA011,15641944,3703
0154,20180722183554,FA011,15665964,3702
0073,20180723065133,FA011,16818912,3680
0173,20180723023324,FA011,16890984,3678
0183,20180723093537,FA011,17396088,3668
0181,20180723051620,FA011,18333080,3650
0182,20180723025201,FA011,18333080,3650
0047,20180722111452,FA011,19461124,3628
0052,20180722193851,FA011,19647236,3624
0074,20180722164830,FA011,20294840,3612
0080,20180723091944,FA011,20519124,3607
0114,20180723092504,FA011,21503568,3588
0029,20180723060713,FA011,22638944,3566
0113,20180721191826,FA011,27308156,3474
0105,20180723020528,FA011,30031698,3421
0091,20180723055939,FA011,31255840,3397
0169,20180723095534,FA011,49693516,3036
0108,20180723095034,FA011,55891324,2915
0096,20180723030327,FA011,56561642,2902
0031,20180723063332,FA011,59357080,2847
0002,20180723071906,FA011,115358008,1750
0117,20180723052339,FA011,117086980,1717
0116,20180723074448,FA011,118009582,1699
0034,20180722195243,FA011,133193984,1401
0015,20180723053956,FA011,144209984,1186
0088,20180722125920,FA011,145073984,1169
0177,20180722214835,FA011,154793984,978
0084,20180722223732,FA011,156305984,949
0110,20180723050816,FA011,184628064,394
0136,20180722133705,FA011,199331342,106
0005,20180723095444,FA011,204790024,0
0050,20180722234132,FA011,204790024,0
0082,20180722141238,FA011,204790024,0
0112,20180723031824,FA011,204790024,0
0135,20180723095531,FA011,204790024,0
0185,20180723052809,FA011,204790024,0
0082,20180722141238,FA019,1805038,4000
0013,20180723095602,FA019,1886836,3999
0036,20180723092837,FA019,6913120,3999
0037,20180723081913,FA019,7302892,3999
0085,20180723061935,FA019,1885936,3999
0086,20180723095050,FA019,1886576,3999
0107,20180723095330,FA019,8556920,3999
0131,20180723092947,FA019,1885718,3999
0155,20180723091903,FA019,1886060,3999
0012,20180723095148,FA019,12135052,3998
0121,20180723095417,FA019,27399816,3997
0017,20180723095025,FA019,33587962,3996
0028,20180723095005,FA019,32768200,3996
0170,20180723090828,FA019,62376706,3993
0175,20180723091732,FA019,59552878,3993
0062,20180723094621,FA019,64956244,3992
0059,20180723070519,FA019,78926608,3991
0140,20180723083313,FA019,78493132,3991
0079,20180723093913,FA019,88977432,3990
0090,20180722214458,FA019,90243522,3990
0030,20180723095752,FA019,94249984,3989
0161,20180723094758,FA019,96623072,3989
0044,20180723094545,FA019,100397428,3988
0005,20180723095444,FA019,130662070,3985
0007,20180723084100,FA019,132468542,3985
0093,20180723063706,FA019,133156656,3985
0024,20180722153731,FA019,135434654,3984
0096,20180723030327,FA019,137990646,3984
0115,20180722190523,FA019,143365284,3984
0137,20180723092431,FA019,139841378,3984
0031,20180723063332,FA019,149481740,3983
0089,20180723084608,FA019,150271396,3983
0027,20180723070658,FA019,220196542,3975
0048,20180723094313,FA019,219668162,3975
0023,20180723094953,FA019,258329820,3971
0136,20180722133705,FA019,267797698,3970
0132,20180723090115,FA019,279616734,3968
0158,20180723095059,FA019,303447572,3966
0072,20180723093844,FA019,317333128,3964
0099,20180723094258,FA019,313967660,3964
0123,20180723094718,FA019,322271734,3963
0180,20180723012939,FA019,325497796,3963
0067,20180723090345,FA019,331076744,3962
0053,20180723081934,FA019,401405258,3955
0050,20180722234132,FA019,529552570,3940
0029,20180723060713,FA019,640422460,3928
0080,20180723091944,FA019,977483086,3890
0148,20180722124408,FA019,1317864940,3852
0128,20180723080032,FA019,1341418958,3849
0116,20180723074448,FA019,1453238208,3836
0006,20180723065228,FA019,1461540476,3835
0147,20180723091146,FA019,1848306388,3792
0185,20180723052809,FA019,1939228346,3782
0105,20180723020528,FA019,2006582950,3774
0049,20180723095517,FA019,2045047928,3770
0106,20180723080808,FA019,2100799112,3764
0127,20180723023247,FA019,2134184680,3760
0169,20180723095534,FA019,2156297420,3757
0042,20180721185323,FA019,2207955540,3752
0165,20180723094919,FA019,2378117700,3732
0052,20180722193851,FA019,2416944952,3728
0074,20180722164830,FA019,2414514140,3728
0159,20180721213933,FA019,2546158548,3714
0179,20180723092403,FA019,2638054476,3703
0039,20180722122100,FA019,2668706988,3700
0145,20180723072812,FA019,2668623052,3700
0046,20180723044609,FA019,2681099676,3698
0019,20180722082837,FA019,2729952156,3693
0160,20180723092250,FA019,2750102868,3691
0071,20180723075909,FA019,2800000252,3685
0108,20180723095034,FA019,2825322132,3682
0022,20180723094243,FA019,2968797640,3666
0011,20180723034651,FA019,3557976612,3600
0047,20180722111452,FA019,3558138652,3600
0154,20180722183554,FA019,3558057632,3600
0173,20180723023324,FA019,3557976608,3600
0073,20180723065133,FA019,3633900204,3591
0181,20180723051620,FA019,3689434900,3585
0182,20180723025201,FA019,3689434900,3585
0113,20180721191826,FA019,3758141732,3577
0091,20180723055939,FA019,5336409460,3400
0117,20180723052339,FA019,23361762468,1374
0002,20180723071906,FA019,34324740332,142
0015,20180723053956,FA019,34421811652,131
0088,20180722125920,FA019,34424727652,131
0164,20180723012316,FA019,34425618800,130
0084,20180722223732,FA019,35569257652,2
0177,20180722214835,FA019,35564154652,2
0034,20180722195243,FA019,35590318172,0
0110,20180723050816,FA019,35590318172,0
0112,20180723031824,FA019,35590318172,0
0114,20180723092504,FA019,35590318172,0
0135,20180723095531,FA019,35590318172,0
0178,20180723091930,FA019,35590318172,0
0183,20180723093537,FA019,35590318172,0
0037,20180723081913,FA022,15089794,4000
0028,20180723095005,FA022,27107326,3998
0062,20180723094621,FA022,25194476,3998
0170,20180723090828,FA022,26934382,3998
0175,20180723091732,FA022,24993310,3998
0140,20180723083313,FA022,31856478,3997
0107,20180723095330,FA022,33345142,3996
0012,20180723095148,FA022,49888330,3994
0059,20180723070519,FA022,71053104,3990
0115,20180722190523,FA022,71192740,3990
0007,20180723084100,FA022,82587820,3988
0005,20180723095444,FA022,133265566,3980
0180,20180723012939,FA022,140505936,3979
0024,20180722153731,FA022,159738030,3976
0137,20180723092431,FA022,180532954,3972
0030,20180723095752,FA022,185549134,3971
0013,20180723095602,FA022,194113918,3970
0044,20180723094545,FA022,202440316,3969
0090,20180722214458,FA022,199305496,3969
0027,20180723070658,FA022,206743898,3968
0155,20180723091903,FA022,238408604,3963
0079,20180723093913,FA022,251076968,3961
0123,20180723094718,FA022,269239786,3958
0050,20180722234132,FA022,280508440,3956
0158,20180723095059,FA022,334628958,3947
0072,20180723093844,FA022,341977602,3946
0121,20180723095417,FA022,342567134,3946
0085,20180723061935,FA022,344146630,3945
0036,20180723092837,FA022,352010878,3944
0093,20180723063706,FA022,359249232,3943
0161,20180723094758,FA022,399447922,3936
0048,20180723094313,FA022,418197462,3933
0023,20180723094953,FA022,465435172,3925
0080,20180723091944,FA022,468938640,3925
0128,20180723080032,FA022,549251574,3912
0178,20180723091930,FA022,580147224,3907
0006,20180723065228,FA022,582467760,3906
0096,20180723030327,FA022,636748086,3897
0029,20180723060713,FA022,719180620,3884
0147,20180723091146,FA022,718873824,3884
0089,20180723084608,FA022,746184544,3879
0099,20180723094258,FA022,747478784,3879
0106,20180723080808,FA022,841253852,3864
0105,20180723020528,FA022,931524410,3849
0185,20180723052809,FA022,938988270,3848
0165,20180723094919,FA022,962828084,3844
0179,20180723092403,FA022,997306144,3838
0145,20180723072812,FA022,1013606676,3835
0169,20180723095534,FA022,1044536556,3830
0046,20180723044609,FA022,1062869356,3827
0108,20180723095034,FA022,1072974192,3826
0022,20180723094243,FA022,1083841796,3824
0019,20180722082837,FA022,1097775828,3822
0127,20180723023247,FA022,1156669844,3812
0086,20180723095050,FA022,1176610628,3809
0132,20180723090115,FA022,1174110528,3809
0049,20180723095517,FA022,1234914948,3799
0039,20180722122100,FA022,1246471640,3797
0159,20180721213933,FA022,1313894268,3786
0148,20180722124408,FA022,1323186496,3785
0073,20180723065133,FA022,1366521348,3777
0071,20180723075909,FA022,1401151000,3772
0053,20180723081934,FA022,1558992018,3746
0131,20180723092947,FA022,1583908824,3742
0154,20180722183554,FA022,1754354476,3714
0011,20180723034651,FA022,1802402924,3706
0181,20180723051620,FA022,1815872916,3704
0182,20180723025201,FA022,1815791896,3704
0183,20180723093537,FA022,1824340096,3702
0042,20180721185323,FA022,2050930016,3665
0017,20180723095025,FA022,2283664494,3627
0031,20180723063332,FA022,2349524688,3616
0067,20180723090345,FA022,2400535800,3607
0136,20180722133705,FA022,2663276090,3564
0091,20180723055939,FA022,2727362340,3554
0116,20180723074448,FA022,2851252592,3533
0047,20180722111452,FA022,2954572348,3516
0074,20180722164830,FA022,7703357608,2736
0160,20180723092250,FA022,8484139632,2608
0117,20180723052339,FA022,9219515508,2487
0052,20180722193851,FA022,10996295900,2195
0002,20180723071906,FA022,11777560456,2066
0015,20180723053956,FA022,13387975448,1802
0164,20180723012316,FA022,13392511572,1801
0177,20180722214835,FA022,13550058052,1775
0034,20180722195243,FA022,14090285968,1686
0088,20180722125920,FA022,14259413968,1658
0084,20180722223732,FA022,14459159968,1626
0113,20180721191826,FA022,15025480996,1533
0110,20180723050816,FA022,21886220016,405
0082,20180722141238,FA022,24353554268,0
0112,20180723031824,FA022,24353554268,0
0114,20180723092504,FA022,24353554268,0
0135,20180723095531,FA022,24353554268,0
0173,20180723023324,FA022,24353554268,0
0037,20180723081913,FA046,73423520,5000
0028,20180723095005,FA046,106264254,4998
0107,20180723095330,FA046,116008946,4998
0062,20180723094621,FA046,125314142,4997
0170,20180723090828,FA046,122675170,4997
0175,20180723091732,FA046,131029230,4997
0140,20180723083313,FA046,149486116,4996
0012,20180723095148,FA046,191648234,4994
0013,20180723095602,FA046,341846870,4988
0090,20180722214458,FA046,397806532,4985
0059,20180723070519,FA046,415598956,4984
0007,20180723084100,FA046,442860020,4983
0115,20180722190523,FA046,433090136,4983
0005,20180723095444,FA046,652741298,4974
0024,20180722153731,FA046,639982034,4974
0137,20180723092431,FA046,665065122,4973
0027,20180723070658,FA046,765434050,4969
0030,20180723095752,FA046,846997814,4965
0158,20180723095059,FA046,1116919482,4953
0180,20180723012939,FA046,1193625016,4950
0121,20180723095417,FA046,1276879444,4946
0079,20180723093913,FA046,1364504924,4942
0044,20180723094545,FA046,1614325296,4931
0048,20180723094313,FA046,1603224384,4931
0178,20180723091930,FA046,1642230348,4930
0123,20180723094718,FA046,1667940116,4928
0050,20180722234132,FA046,1807994422,4922
0072,20180723093844,FA046,2034914276,4912
0155,20180723091903,FA046,2060150720,4911
0085,20180723061935,FA046,2128529934,4908
0036,20180723092837,FA046,2156115776,4907
0161,20180723094758,FA046,2229049374,4904
0093,20180723063706,FA046,2240618032,4903
0080,20180723091944,FA046,2789954706,4879
0006,20180723065228,FA046,3104587676,4865
0023,20180723094953,FA046,3500492036,4847
0147,20180723091146,FA046,3795208568,4834
0096,20180723030327,FA046,4065260950,4822
0029,20180723060713,FA046,4081586224,4821
0099,20180723094258,FA046,4207471172,4815
0089,20180723084608,FA046,4420742152,4806
0105,20180723020528,FA046,4608489646,4798
0165,20180723094919,FA046,5007422812,4780
0169,20180723095534,FA046,5131755072,4774
0108,20180723095034,FA046,5184908716,4772
0179,20180723092403,FA046,5347629800,4765
0145,20180723072812,FA046,5436169764,4761
0128,20180723080032,FA046,5590545364,4754
0046,20180723044609,FA046,5752827728,4747
0019,20180722082837,FA046,5841325252,4743
0022,20180723094243,FA046,5849201484,4742
0148,20180722124408,FA046,6514375528,4713
0039,20180722122100,FA046,6557629908,4711
0053,20180723081934,FA046,6666277494,4706
0132,20180723090115,FA046,7130319788,4685
0086,20180723095050,FA046,7374098134,4674
0042,20180721185323,FA046,7426735692,4672
0127,20180723023247,FA046,7426684712,4672
0073,20180723065133,FA046,7444135372,4671
0049,20180723095517,FA046,7583726496,4665
0159,20180721213933,FA046,7573712276,4665
0071,20180723075909,FA046,7831430280,4654
0131,20180723092947,FA046,9176260176,4594
0031,20180723063332,FA046,9466669300,4581
0011,20180723034651,FA046,10206435592,4548
0154,20180722183554,FA046,10407042244,4539
0181,20180723051620,FA046,10649023596,4529
0182,20180723025201,FA046,10649023596,4529
0091,20180723055939,FA046,11526113436,4489
0136,20180722133705,FA046,12519788442,4445
0067,20180723090345,FA046,12539120414,4444
0116,20180723074448,FA046,12845175606,4431
0047,20180722111452,FA046,15225732856,4325
0074,20180722164830,FA046,40077689356,3218
0017,20180723095025,FA046,41735750962,3144
0160,20180723092250,FA046,47008337584,2909
0117,20180723052339,FA046,49132984716,2815
0052,20180722193851,FA046,53900973740,2602
0113,20180721191826,FA046,56727697388,2476
0002,20180723071906,FA046,62533004108,2218
0015,20180723053956,FA046,71259323748,1829
0164,20180723012316,FA046,71267387704,1829
0177,20180722214835,FA046,72371965972,1780
0183,20180723093537,FA046,72511743292,1774
0034,20180722195243,FA046,74731145456,1675
0088,20180722125920,FA046,75166601456,1655
0084,20180722223732,FA046,76367561456,1602
0110,20180723050816,FA046,95352689100,756
0082,20180722141238,FA046,112348736256,0
0106,20180723080808,FA046,112348736256,0
0112,20180723031824,FA046,112348736256,0
0114,20180723092504,FA046,112348736256,0
0135,20180723095531,FA046,112348736256,0
0173,20180723023324,FA046,112348736256,0
0185,20180723052809,FA046,112348736256,0
0037,20180723081913,FA055,29755878,5000
0175,20180723091732,FA055,36125658,4999
0170,20180723090828,FA055,40160562,4998
0140,20180723083313,FA055,46726946,4997
0062,20180723094621,FA055,56107258,4996
0028,20180723095005,FA055,64269640,4995
0107,20180723095330,FA055,92220080,4992
0013,20180723095602,FA055,114567446,4989
0137,20180723092431,FA055,155884042,4984
0059,20180723070519,FA055,179071620,4981
0007,20180723084100,FA055,189336504,4980
0012,20180723095148,FA055,265306478,4971
0024,20180722153731,FA055,296687254,4967
0180,20180723012939,FA055,296625824,4967
0044,20180723094545,FA055,343053390,4961
0005,20180723095444,FA055,364144490,4959
0030,20180723095752,FA055,379438136,4957
0090,20180722214458,FA055,380265266,4957
0036,20180723092837,FA055,420727684,4952
0050,20180722234132,FA055,421897994,4952
0115,20180722190523,FA055,467851004,4946
0121,20180723095417,FA055,472333086,4945
0079,20180723093913,FA055,506416532,4941
0093,20180723063706,FA055,521443196,4939
0161,20180723094758,FA055,547894168,4936
0048,20180723094313,FA055,595048086,4930
0072,20180723093844,FA055,627318354,4926
0155,20180723091903,FA055,637348116,4925
0123,20180723094718,FA055,701372300,4917
0027,20180723070658,FA055,716997946,4915
0085,20180723061935,FA055,731660418,4914
0178,20180723091930,FA055,761709408,4910
0080,20180723091944,FA055,774990610,4908
0158,20180723095059,FA055,836727136,4901
0023,20180723094953,FA055,979113456,4883
0096,20180723030327,FA055,1067008774,4873
0145,20180723072812,FA055,1305418940,4844
0128,20180723080032,FA055,1339591196,4839
0132,20180723090115,FA055,1349146884,4838
0019,20180722082837,FA055,1427732956,4829
0022,20180723094243,FA055,1426005084,4829
0029,20180723060713,FA055,1432943298,4828
0046,20180723044609,FA055,1441948476,4827
0179,20180723092403,FA055,1561732396,4812
0099,20180723094258,FA055,1569903724,4811
0108,20180723095034,FA055,1650400060,4801
0165,20180723094919,FA055,1653893932,4801
0039,20180722122100,FA055,1667530168,4799
0105,20180723020528,FA055,1688642170,4797
0147,20180723091146,FA055,1695384940,4796
0127,20180723023247,FA055,1750252308,4789
0042,20180721185323,FA055,1773501420,4786
0073,20180723065133,FA055,1817151972,4781
0148,20180722124408,FA055,1820965872,4780
0173,20180723023324,FA055,1831744852,4779
0086,20180723095050,FA055,1889968310,4772
0049,20180723095517,FA055,1901355152,4771
0185,20180723052809,FA055,1918062398,4769
0159,20180721213933,FA055,2083022744,4748
0071,20180723075909,FA055,2140636696,4741
0154,20180722183554,FA055,2314808264,4720
0131,20180723092947,FA055,2344789824,4716
0183,20180723093537,FA055,2389884816,4711
0053,20180723081934,FA055,2462185770,4702
0169,20180723095534,FA055,2487388500,4699
0089,20180723084608,FA055,2593850084,4686
0011,20180723034651,FA055,2624895656,4682
0091,20180723055939,FA055,2727140892,4670
0006,20180723065228,FA055,2740071972,4668
0181,20180723051620,FA055,2891592336,4650
0182,20180723025201,FA055,2891400316,4650
0116,20180723074448,FA055,3048706626,4630
0031,20180723063332,FA055,3214680724,4610
0067,20180723090345,FA055,4625915988,4437
0047,20180722111452,FA055,4895361432,4405
0074,20180722164830,FA055,9160697768,3883
0160,20180723092250,FA055,10295615628,3744
0017,20180723095025,FA055,10651169466,3701
0136,20180722133705,FA055,10783574690,3685
0117,20180723052339,FA055,11641912220,3580
0052,20180722193851,FA055,11814920052,3558
0002,20180723071906,FA055,15350238264,3126
0113,20180721191826,FA055,15886956280,3061
0015,20180723053956,FA055,16912375860,2935
0164,20180723012316,FA055,16962678244,2929
0177,20180722214835,FA055,17574199240,2854
0034,20180722195243,FA055,19102970192,2667
0088,20180722125920,FA055,21154106192,2416
0084,20180722223732,FA055,21800378192,2337
0110,20180723050816,FA055,24741828792,1978
0082,20180722141238,FA055,40919937352,0
0106,20180723080808,FA055,40919937352,0
0112,20180723031824,FA055,40919937352,0
0114,20180723092504,FA055,40919937352,0
0135,20180723095531,FA055,40919937352,0
0037,20180723081913,FA061,167497672,5000
0170,20180723090828,FA061,200573644,4999
0140,20180723083313,FA061,258989996,4998
0028,20180723095005,FA061,355040176,4997
0062,20180723094621,FA061,369055854,4997
0107,20180723095330,FA061,413400340,4996
0013,20180723095602,FA061,528536680,4995
0137,20180723092431,FA061,740314890,4992
0007,20180723084100,FA061,841449570,4991
0180,20180723012939,FA061,1109802988,4987
0012,20180723095148,FA061,1252687042,4985
0030,20180723095752,FA061,1733114100,4979
0048,20180723094313,FA061,1917390738,4977
0178,20180723091930,FA061,2007881236,4976
0036,20180723092837,FA061,2154441194,4974
0079,20180723093913,FA061,2155991424,4974
0090,20180722214458,FA061,2162083042,4974
0115,20180722190523,FA061,2136178984,4974
0093,20180723063706,FA061,2457778124,4970
0044,20180723094545,FA061,2757800624,4966
0080,20180723091944,FA061,2742739788,4966
0072,20180723093844,FA061,2805558022,4965
0023,20180723094953,FA061,3021371592,4962
0059,20180723070519,FA061,3764306196,4953
0086,20180723095050,FA061,3791847920,4952
0161,20180723094758,FA061,3986714434,4950
0121,20180723095417,FA061,4134017800,4948
0024,20180722153731,FA061,4375750590,4945
0123,20180723094718,FA061,5097988824,4935
0085,20180723061935,FA061,5525799846,4930
0027,20180723070658,FA061,5592885186,4929
0096,20180723030327,FA061,5706812370,4927
0128,20180723080032,FA061,5963159600,4924
0145,20180723072812,FA061,5928829312,4924
0053,20180723081934,FA061,6165227798,4921
0019,20180722082837,FA061,6381787956,4919
0022,20180723094243,FA061,6462789912,4918
0158,20180723095059,FA061,6692500732,4915
0046,20180723044609,FA061,6712293932,4914
0179,20180723092403,FA061,7453569964,4905
0165,20180723094919,FA061,7488577276,4904
0108,20180723095034,FA061,7817223416,4900
0185,20180723052809,FA061,7782296476,4900
0099,20180723094258,FA061,7953250612,4898
0073,20180723065133,FA061,8067288584,4897
0148,20180722124408,FA061,8203340868,4895
0147,20180723091146,FA061,8275264468,4894
0029,20180723060713,FA061,8535808266,4891
0132,20180723090115,FA061,8707445758,4888
0039,20180722122100,FA061,9454592436,4879
0049,20180723095517,FA061,9623687424,4876
0127,20180723023247,FA061,9693671532,4875
0159,20180721213933,FA061,9753345400,4875
0071,20180723075909,FA061,9768273860,4874
0011,20180723034651,FA061,11738859236,4849
0042,20180721185323,FA061,12057639312,4845
0006,20180723065228,FA061,12219625220,4843
0154,20180722183554,FA061,12324646432,4841
0183,20180723093537,FA061,12767239584,4835
0181,20180723051620,FA061,12873540476,4834
0182,20180723025201,FA061,12873540476,4834
0155,20180723091903,FA061,12944573480,4833
0089,20180723084608,FA061,13761494452,4822
0031,20180723063332,FA061,13946559996,4820
0091,20180723055939,FA061,14410772504,4814
0131,20180723092947,FA061,16014530976,4793
0067,20180723090345,FA061,16609821382,4785
0105,20180723020528,FA061,20513779174,4735
0169,20180723095534,FA061,24580942320,4682
0116,20180723074448,FA061,27222786950,4647
0074,20180722164830,FA061,31229320584,4595
0160,20180723092250,FA061,36130792212,4531
0052,20180722193851,FA061,45355751216,4411
0117,20180723052339,FA061,48600255860,4369
0047,20180722111452,FA061,57017586828,4259
0113,20180721191826,FA061,64105202656,4167
0015,20180723053956,FA061,66345815800,4138
0164,20180723012316,FA061,67313275720,4125
0002,20180723071906,FA061,71001665800,4077
0017,20180723095025,FA061,78292991096,3982
0177,20180722214835,FA061,78851563912,3975
0136,20180722133705,FA061,82289873422,3930
0034,20180722195243,FA061,115297917408,3500
0088,20180722125920,FA061,116645109408,3482
0110,20180723050816,FA061,121411046372,3420
0084,20180722223732,FA061,128163309408,3332
0005,20180723095444,FA061,384072259248,0
0050,20180722234132,FA061,384072259248,0
0082,20180722141238,FA061,384072259248,0
0106,20180723080808,FA061,384072259248,0
0112,20180723031824,FA061,384072259248,0
0114,20180723092504,FA061,384072259248,0
0135,20180723095531,FA061,384072259248,0
0173,20180723023324,FA061,384072259248,0
0175,20180723091732,FA061,384072259248,0
0037,20180723081913,FA162,27426784824,7000
0170,20180723090828,FA162,41783486252,6999
0140,20180723083313,FA162,45068364292,6998
0028,20180723095005,FA162,61270041968,6997
0062,20180723094621,FA162,60133273190,6997
0012,20180723095148,FA162,79380487242,6996
0107,20180723095330,FA162,101439604208,6995
0007,20180723084100,FA162,179633555082,6990
0137,20180723092431,FA162,221209235330,6988
0180,20180723012939,FA162,364647829868,6979
0030,20180723095752,FA162,399489681576,6977
0079,20180723093913,FA162,394170873968,6977
0072,20180723093844,FA162,429693464706,6975
0090,20180722214458,FA162,417494559480,6975
0044,20180723094545,FA162,512425997726,6970
0123,20180723094718,FA162,578634985818,6966
0080,20180723091944,FA162,580783966716,6965
0059,20180723070519,FA162,599776368232,6964
0013,20180723095602,FA162,622488565396,6963
0093,20180723063706,FA162,649911699816,6961
0048,20180723094313,FA162,745177491196,6955
0158,20180723095059,FA162,757878848066,6955
0027,20180723070658,FA162,781479652776,6953
0161,20180723094758,FA162,807447379186,6951
0036,20180723092837,FA162,856644955834,6948
0105,20180723020528,FA162,945078311642,6943
0085,20180723061935,FA162,1009841026186,6939
0023,20180723094953,FA162,1282771162412,6922
0086,20180723095050,FA162,1315312652010,6920
0089,20180723084608,FA162,1371005238464,6917
0121,20180723095417,FA162,1463526056148,6911
0108,20180723095034,FA162,1537853920684,6906
0115,20180722190523,FA162,1572418125764,6904
0145,20180723072812,FA162,1741016737048,6894
0019,20180722082837,FA162,1828127823176,6889
0046,20180723044609,FA162,1826992088140,6889
0050,20180722234132,FA162,2175709640152,6867
0022,20180723094243,FA162,2301683508640,6859
0073,20180723065133,FA162,2358747497352,6856
0099,20180723094258,FA162,2386835559884,6854
0053,20180723081934,FA162,2468898475550,6849
0096,20180723030327,FA162,2591633410164,6842
0029,20180723060713,FA162,2754271682884,6832
0024,20180722153731,FA162,3084806817972,6811
0127,20180723023247,FA162,3271048043992,6800
0155,20180723091903,FA162,3351611863164,6795
0132,20180723090115,FA162,3562757904616,6782
0042,20180721185323,FA162,3613080244280,6779
0039,20180722122100,FA162,3618101884772,6778
0147,20180723091146,FA162,3725530449456,6772
0159,20180721213933,FA162,3898402029068,6761
0071,20180723075909,FA162,4009789444924,6754
0116,20180723074448,FA162,4051408132518,6752
0031,20180723063332,FA162,4497000474432,6724
0131,20180723092947,FA162,5304579357684,6674
0181,20180723051620,FA162,5513481044220,6662
0182,20180723025201,FA162,5513481044220,6662
0011,20180723034651,FA162,5531805893152,6660
0185,20180723052809,FA162,6639771454440,6592
0067,20180723090345,FA162,6793976798370,6583
0006,20180723065228,FA162,9241529717408,6432
0017,20180723095025,FA162,13295619455930,6182
0074,20180722164830,FA162,15650527696968,6037
0117,20180723052339,FA162,15702068246796,6034
0160,20180723092250,FA162,16091771241036,6010
0136,20180722133705,FA162,18207896767746,5880
0047,20180722111452,FA162,20745840728180,5723
0015,20180723053956,FA162,22887503140256,5592
0164,20180723012316,FA162,22975009379648,5586
0169,20180723095534,FA162,23227353107648,5571
0154,20180722183554,FA162,23231716068776,5570
0177,20180722214835,FA162,23248221241052,5569
0183,20180723093537,FA162,23305919359608,5566
0052,20180722193851,FA162,26111212692236,5393
0034,20180722195243,FA162,29270813614780,5198
0088,20180722125920,FA162,29340456334780,5194
0084,20180722223732,FA162,29632511230780,5176
0113,20180721191826,FA162,29966895924692,5156
0110,20180723050816,FA162,31753237556060,5046
0002,20180723071906,FA162,113682404131060,0
0005,20180723095444,FA162,113682404131060,0
0049,20180723095517,FA162,113682404131060,0
0082,20180722141238,FA162,113682404131060,0
0091,20180723055939,FA162,113682404131060,0
0106,20180723080808,FA162,113682404131060,0
0112,20180723031824,FA162,113682404131060,0
0114,20180723092504,FA162,113682404131060,0
0128,20180723080032,FA162,113682404131060,0
0135,20180723095531,FA162,113682404131060,0
0148,20180722124408,FA162,113682404131060,0
0165,20180723094919,FA162,113682404131060,0
0173,20180723023324,FA162,113682404131060,0
0175,20180723091732,FA162,113682404131060,0
0178,20180723091930,FA162,113682404131060,0
0179,20180723092403,FA162,113682404131060,0
0037,20180723081913,FA169,37916909484,7000
0107,20180723095330,FA169,110439340056,6996
0170,20180723090828,FA169,108341812032,6996
0062,20180723094621,FA169,197692491818,6992
0012,20180723095148,FA169,212946657954,6991
0028,20180723095005,FA169,230040802558,6990
0007,20180723084100,FA169,287438554988,6987
0137,20180723092431,FA169,412256343958,6981
0180,20180723012939,FA169,470870632828,6978
0013,20180723095602,FA169,514595840466,6976
0123,20180723094718,FA169,521325527336,6976
0027,20180723070658,FA169,812761653756,6962
0072,20180723093844,FA169,891985803634,6958
0079,20180723093913,FA169,1182647162628,6944
0090,20180722214458,FA169,1180694342280,6944
0024,20180722153731,FA169,1201242755140,6943
0048,20180723094313,FA169,1285960145230,6939
0030,20180723095752,FA169,1325150118428,6937
0044,20180723094545,FA169,1319095123288,6937
0059,20180723070519,FA169,1376369036868,6934
0158,20180723095059,FA169,1482318999458,6929
0093,20180723063706,FA169,1653969934384,6921
0080,20180723091944,FA169,1666647857540,6920
0023,20180723094953,FA169,1695267152976,6919
0155,20180723091903,FA169,2162141408696,6896
0161,20180723094758,FA169,2444493936694,6882
0036,20180723092837,FA169,2697927792490,6870
0121,20180723095417,FA169,2740806489168,6868
0086,20180723095050,FA169,2824290194974,6864
0115,20180722190523,FA169,2890372560976,6861
0096,20180723030327,FA169,3056208037834,6853
0031,20180723063332,FA169,3580001253028,6827
0105,20180723020528,FA169,3642363879386,6824
0089,20180723084608,FA169,4262788034128,6794
0108,20180723095034,FA169,4707101515636,6772
0053,20180723081934,FA169,5008928623114,6758
0085,20180723061935,FA169,5126811291352,6752
0145,20180723072812,FA169,5126639846416,6752
0019,20180722082837,FA169,5182611471668,6749
0046,20180723044609,FA169,5291717356400,6744
0022,20180723094243,FA169,5587759761608,6730
0185,20180723052809,FA169,5621656545940,6728
0050,20180722234132,FA169,6457090554900,6687
0099,20180723094258,FA169,6596622419212,6680
0073,20180723065133,FA169,6718159428640,6675
0029,20180723060713,FA169,8687932823656,6579
0116,20180723074448,FA169,9534649351510,6538
0067,20180723090345,FA169,13259034498778,6356
0017,20180723095025,FA169,14589460010554,6292
0136,20180722133705,FA169,19640743339654,6046
0042,20180721185323,FA169,23854595316312,5841
0039,20180722122100,FA169,25134771955140,5779
0127,20180723023247,FA169,25628821473128,5755
0132,20180723090115,FA169,25955241371208,5739
0159,20180721213933,FA169,26140496542480,5730
0006,20180723065228,FA169,26408522089912,5717
0147,20180723091146,FA169,28657608294084,5607
0071,20180723075909,FA169,31125554869856,5487
0131,20180723092947,FA169,31567161512368,5466
0181,20180723051620,FA169,37628588157420,5171
0182,20180723025201,FA169,37628588157420,5171
0011,20180723034651,FA169,38916971942360,5108
0117,20180723052339,FA169,45488528088496,4788
0074,20180722164830,FA169,45512772326908,4787
0160,20180723092250,FA169,46483291104632,4740
0052,20180722193851,FA169,58189726608988,4171
0047,20180722111452,FA169,62223658814448,3974
0164,20180723012316,FA169,67557165819596,3715
0169,20180723095534,FA169,67624467196416,3712
0177,20180722214835,FA169,67624024829008,3712
0154,20180722183554,FA169,67633314557928,3711
0015,20180723053956,FA169,67741633384576,3706
0183,20180723093537,FA169,67810999105564,3703
0088,20180722125920,FA169,72975905338768,3451
0084,20180722223732,FA169,73152963130768,3443
0113,20180721191826,FA169,78970178607396,3160
0110,20180723050816,FA169,95378763025864,2361
0002,20180723071906,FA169,143933083450968,0
0005,20180723095444,FA169,143933083450968,0
0034,20180722195243,FA169,143933083450968,0
0049,20180723095517,FA169,143933083450968,0
0082,20180722141238,FA169,143933083450968,0
0091,20180723055939,FA169,143933083450968,0
0106,20180723080808,FA169,143933083450968,0
0112,20180723031824,FA169,143933083450968,0
0114,20180723092504,FA169,143933083450968,0
0128,20180723080032,FA169,143933083450968,0
0135,20180723095531,FA169,143933083450968,0
0140,20180723083313,FA169,143933083450968,0
0148,20180722124408,FA169,143933083450968,0
0165,20180723094919,FA169,143933083450968,0
0173,20180723023324,FA169,143933083450968,0
0175,20180723091732,FA169,143933083450968,0
0178,20180723091930,FA169,143933083450968,0
0179,20180723092403,FA169,143933083450968,0
0059,20180723070519,FD103,268895447,6000
0013,20180723095602,FD103,394278888,5999
0017,20180723095025,FD103,566710712,5999
0036,20180723092837,FD103,624195921,5999
0037,20180723081913,FD103,588841733,5999
0067,20180723090345,FD103,1310674494,5999
0079,20180723093913,FD103,862521567,5999
0093,20180723063706,FD103,777670287,5999
0085,20180723061935,FD103,1953960384,5998
0107,20180723095330,FD103,1721322918,5998
0147,20180723091146,FD103,2422902252,5998
0007,20180723084100,FD103,2972970375,5997
0028,20180723095005,FD103,2831367739,5997
0099,20180723094258,FD103,3316424245,5997
0170,20180723090828,FD103,2891707878,5997
0029,20180723060713,FD103,4541965673,5996
0062,20180723094621,FD103,4854446864,5996
0123,20180723094718,FD103,4659047469,5996
0044,20180723094545,FD103,8311498134,5993
0072,20180723093844,FD103,8079564648,5993
0121,20180723095417,FD103,7510149201,5993
0030,20180723095752,FD103,8625237735,5992
0108,20180723095034,FD103,10018187020,5991
0006,20180723065228,FD103,10739490025,5990
0031,20180723063332,FD103,11745849461,5990
0048,20180723094313,FD103,14657425880,5987
0155,20180723091903,FD103,21450512528,5981
0137,20180723092431,FD103,22687590444,5980
0012,20180723095148,FD103,23941263658,5979
0158,20180723095059,FD103,26956379267,5977
0024,20180722153731,FD103,31797613410,5972
0080,20180723091944,FD103,46117255030,5960
0027,20180723070658,FD103,79355216040,5931
0023,20180723094953,FD103,82983094740,5928
0096,20180723030327,FD103,88012769390,5924
0115,20180722190523,FD103,89049292312,5923
0090,20180722214458,FD103,108646552464,5906
0022,20180723094243,FD103,110370181088,5905
0042,20180721185323,FD103,115004437228,5901
0178,20180723091930,FD103,124291247576,5893
0128,20180723080032,FD103,129453639592,5888
0145,20180723072812,FD103,130834615600,5887
0046,20180723044609,FD103,135934229756,5883
0019,20180722082837,FD103,138840319768,5880
0071,20180723075909,FD103,139442634276,5880
0053,20180723081934,FD103,150116951250,5871
0180,20180723012939,FD103,168788207048,5855
0050,20180722234132,FD103,175986407584,5848
0131,20180723092947,FD103,181325727212,5844
0116,20180723074448,FD103,334175914608,5712
0074,20180722164830,FD103,394330583698,5661
0086,20180723095050,FD103,923043363280,5206
0160,20180723092250,FD103,1102402070844,5052
0002,20180723071906,FD103,1452478241744,4751
0132,20180723090115,FD103,1723379935484,4518
0015,20180723053956,FD103,1731757285504,4511
0169,20180723095534,FD103,1730815700756,4511
0154,20180722183554,FD103,1732167382552,4510
0177,20180722214835,FD103,1732766426032,4510
0183,20180723093537,FD103,1737253091680,4506
0182,20180723025201,FD103,1812733900108,4441
0034,20180722195243,FD103,1963488597796,4311
0084,20180722223732,FD103,2128671573796,4169
0088,20180722125920,FD103,2128671573796,4169
0117,20180723052339,FD103,2128671573796,4169
0073,20180723065133,FD103,3117011558028,3319
0047,20180722111452,FD103,6976310782016,1
0005,20180723095444,FD103,6977507327376,0
0011,20180723034651,FD103,6977507327376,0
0039,20180722122100,FD103,6977507327376,0
0049,20180723095517,FD103,6977507327376,0
0052,20180722193851,FD103,6977507327376,0
0082,20180722141238,FD103,6977507327376,0
0089,20180723084608,FD103,6977507327376,0
0091,20180723055939,FD103,6977507327376,0
0105,20180723020528,FD103,6977507327376,0
0106,20180723080808,FD103,6977507327376,0
0110,20180723050816,FD103,6977507327376,0
0112,20180723031824,FD103,6977507327376,0
0113,20180721191826,FD103,6977507327376,0
0114,20180723092504,FD103,6977507327376,0
0127,20180723023247,FD103,6977507327376,0
0135,20180723095531,FD103,6977507327376,0
0136,20180722133705,FD103,6977507327376,0
0140,20180723083313,FD103,6977507327376,0
0148,20180722124408,FD103,6977507327376,0
0159,20180721213933,FD103,6977507327376,0
0161,20180723094758,FD103,6977507327376,0
0164,20180723012316,FD103,6977507327376,0
0165,20180723094919,FD103,6977507327376,0
0173,20180723023324,FD103,6977507327376,0
0175,20180723091732,FD103,6977507327376,0
0179,20180723092403,FD103,6977507327376,0
0181,20180723051620,FD103,6977507327376,0
0185,20180723052809,FD103,6977507327376,0
0059,20180723070519,FD107,470413360,6000
0013,20180723095602,FD107,660796028,5999
0017,20180723095025,FD107,572566236,5999
0036,20180723092837,FD107,514154920,5999
0037,20180723081913,FD107,1028149214,5999
0067,20180723090345,FD107,1410843456,5999
0079,20180723093913,FD107,1171665009,5999
0085,20180723061935,FD107,792112910,5999
0093,20180723063706,FD107,1060918736,5999
0107,20180723095330,FD107,1069474374,5999
0007,20180723084100,FD107,2327633859,5998
0099,20180723094258,FD107,2527983681,5998
0147,20180723091146,FD107,1841936728,5998
0170,20180723090828,FD107,3491232560,5997
0028,20180723095005,FD107,4306423102,5996
0029,20180723060713,FD107,6119473468,5995
0062,20180723094621,FD107,5410092214,5995
0123,20180723094718,FD107,5997044832,5995
0030,20180723095752,FD107,9682104294,5992
0121,20180723095417,FD107,9019510406,5992
0006,20180723065228,FD107,10611057995,5991
0031,20180723063332,FD107,11256351384,5991
0108,20180723095034,FD107,12864907679,5989
0012,20180723095148,FD107,16792044462,5986
0044,20180723094545,FD107,22456189048,5981
0048,20180723094313,FD107,22480910692,5981
0137,20180723092431,FD107,33498924560,5972
0024,20180722153731,FD107,45975709378,5962
0072,20180723093844,FD107,58906887670,5951
0155,20180723091903,FD107,67805957684,5944
0080,20180723091944,FD107,70024602503,5942
0027,20180723070658,FD107,92513302600,5924
0090,20180722214458,FD107,124860743784,5897
0042,20180721185323,FD107,131518194776,5892
0022,20180723094243,FD107,133567404088,5890
0116,20180723074448,FD107,149951417154,5877
0145,20180723072812,FD107,157066935548,5871
0046,20180723044609,FD107,159595147284,5869
0019,20180722082837,FD107,163383048240,5865
0071,20180723075909,FD107,165941935836,5863
0128,20180723080032,FD107,177664267236,5854
0023,20180723094953,FD107,193569841160,5841
0131,20180723092947,FD107,208954435660,5828
0074,20180722164830,FD107,229926647256,5811
0053,20180723081934,FD107,249383054858,5795
0115,20180722190523,FD107,278725501732,5771
0096,20180723030327,FD107,304737479862,5749
0086,20180723095050,FD107,343567605960,5717
0160,20180723092250,FD107,1413329966408,4837
0002,20180723071906,FD107,1850448137652,4478
0132,20180723090115,FD107,2093384722556,4278
0015,20180723053956,FD107,2110769197244,4264
0154,20180722183554,FD107,2111466850552,4263
0169,20180723095534,FD107,2111095060152,4263
0177,20180722214835,FD107,2114207167076,4261
0183,20180723093537,FD107,2124298003868,4253
0182,20180723025201,FD107,2186527038752,4201
0034,20180722195243,FD107,2531763185044,3917
0084,20180722223732,FD107,2537648402044,3913
0088,20180722125920,FD107,2537648402044,3913
0117,20180723052339,FD107,2537648402044,3913
0073,20180723065133,FD107,2570168689721,3886
0047,20180722111452,FD107,7291501844684,2
0005,20180723095444,FD107,7294815152444,0
0011,20180723034651,FD107,7294815152444,0
0039,20180722122100,FD107,7294815152444,0
0049,20180723095517,FD107,7294815152444,0
0050,20180722234132,FD107,7294815152444,0
0052,20180722193851,FD107,7294815152444,0
0082,20180722141238,FD107,7294815152444,0
0089,20180723084608,FD107,7294815152444,0
0091,20180723055939,FD107,7294815152444,0
0105,20180723020528,FD107,7294815152444,0
0106,20180723080808,FD107,7294815152444,0
0110,20180723050816,FD107,7294815152444,0
0112,20180723031824,FD107,7294815152444,0
0113,20180721191826,FD107,7294815152444,0
0114,20180723092504,FD107,7294815152444,0
0127,20180723023247,FD107,7294815152444,0
0135,20180723095531,FD107,7294815152444,0
0136,20180722133705,FD107,7294815152444,0
0140,20180723083313,FD107,7294815152444,0
0148,20180722124408,FD107,7294815152444,0
0158,20180723095059,FD107,7294815152444,0
0159,20180721213933,FD107,7294815152444,0
0161,20180723094758,FD107,7294815152444,0
0164,20180723012316,FD107,7294815152444,0
0165,20180723094919,FD107,7294815152444,0
0173,20180723023324,FD107,7294815152444,0
0175,20180723091732,FD107,7294815152444,0
0178,20180723091930,FD107,7294815152444,0
0179,20180723092403,FD107,7294815152444,0
0180,20180723012939,FD107,7294815152444,0
0181,20180723051620,FD107,7294815152444,0
0185,20180723052809,FD107,7294815152444,0
0093,20180723063706,FD120,1047015523,6000
0013,20180723095602,FD120,2535880856,5999
0017,20180723095025,FD120,1192171760,5999
0036,20180723092837,FD120,1671098903,5999
0037,20180723081913,FD120,1083292583,5999
0059,20180723070519,FD120,3563539860,5999
0079,20180723093913,FD120,1567811111,5999
0085,20180723061935,FD120,2863516662,5999
0107,20180723095330,FD120,3798989639,5999
0007,20180723084100,FD120,9099879537,5997
0028,20180723095005,FD120,7179214205,5997
0123,20180723094718,FD120,7110101785,5997
0029,20180723060713,FD120,10650090929,5996
0170,20180723090828,FD120,9934677010,5996
0121,20180723095417,FD120,13494250953,5995
0030,20180723095752,FD120,16533250325,5994
0147,20180723091146,FD120,16461713661,5994
0006,20180723065228,FD120,24695513491,5991
0031,20180723063332,FD120,31946702863,5988
0062,20180723094621,FD120,33215234212,5988
0067,20180723090345,FD120,32748076049,5988
0099,20180723094258,FD120,32631251055,5988
0072,20180723093844,FD120,52238274166,5981
0158,20180723095059,FD120,63145014657,5977
0044,20180723094545,FD120,73917661366,5973
0012,20180723095148,FD120,81626252018,5971
0024,20180722153731,FD120,92064408538,5967
0048,20180723094313,FD120,122002574004,5956
0080,20180723091944,FD120,133829866880,5952
0155,20180723091903,FD120,170906559710,5939
0023,20180723094953,FD120,182229006024,5934
0108,20180723095034,FD120,186438220447,5933
0027,20180723070658,FD120,200062468892,5928
0137,20180723092431,FD120,239974355604,5914
0115,20180722190523,FD120,285109068020,5898
0096,20180723030327,FD120,287491723298,5897
0022,20180723094243,FD120,372304541168,5866
0145,20180723072812,FD120,448403171388,5839
0128,20180723080032,FD120,459203062788,5835
0019,20180722082837,FD120,462203147820,5834
0090,20180722214458,FD120,463069140528,5834
0046,20180723044609,FD120,468659390364,5832
0053,20180723081934,FD120,492515876714,5823
0178,20180723091930,FD120,507839554616,5818
0071,20180723075909,FD120,561410617336,5798
0131,20180723092947,FD120,654690371012,5765
0116,20180723074448,FD120,850659779302,5695
0042,20180721185323,FD120,906736680220,5675
0074,20180722164830,FD120,3925069634424,4591
0086,20180723095050,FD120,4114180810716,4524
0160,20180723092250,FD120,4205098842276,4491
0132,20180723090115,FD120,5880198073616,3890
0154,20180722183554,FD120,5942049103380,3868
0169,20180723095534,FD120,5941089102676,3868
0015,20180723053956,FD120,5942544103716,3867
0177,20180722214835,FD120,5944473110160,3867
0183,20180723093537,FD120,5956245125172,3863
0182,20180723025201,FD120,6213465568160,3770
0034,20180722195243,FD120,6653692213364,3612
0084,20180722223732,FD120,6679180213364,3603
0088,20180722125920,FD120,6679180213364,3603
0073,20180723065133,FD120,11827453319260,1756
0002,20180723071906,FD120,16721716908384,0
0005,20180723095444,FD120,16721716908384,0
0011,20180723034651,FD120,16721716908384,0
0039,20180722122100,FD120,16721716908384,0
0047,20180722111452,FD120,16719973907384,0
0049,20180723095517,FD120,16721716908384,0
0050,20180722234132,FD120,16721716908384,0
0052,20180722193851,FD120,16721716908384,0
0082,20180722141238,FD120,16721716908384,0
0089,20180723084608,FD120,16721716908384,0
0091,20180723055939,FD120,16721716908384,0
0105,20180723020528,FD120,16721716908384,0
0106,20180723080808,FD120,16721716908384,0
0110,20180723050816,FD120,16721716908384,0
0112,20180723031824,FD120,16721716908384,0
0113,20180721191826,FD120,16721716908384,0
0114,20180723092504,FD120,16721716908384,0
0117,20180723052339,FD120,16721716908384,0
0127,20180723023247,FD120,16721716908384,0
0135,20180723095531,FD120,16721716908384,0
0136,20180722133705,FD120,16721716908384,0
0140,20180723083313,FD120,16721716908384,0
0148,20180722124408,FD120,16721716908384,0
0159,20180721213933,FD120,16721716908384,0
0161,20180723094758,FD120,16721716908384,0
0164,20180723012316,FD120,16721716908384,0
0165,20180723094919,FD120,16721716908384,0
0173,20180723023324,FD120,16721716908384,0
0175,20180723091732,FD120,16721716908384,0
0179,20180723092403,FD120,16721716908384,0
0180,20180723012939,FD120,16721716908384,0
0181,20180723051620,FD120,16721716908384,0
0185,20180723052809,FD120,16721716908384,0
0013,20180723095602,FD151,2649535645,6000
0036,20180723092837,FD151,3219887846,5999
0037,20180723081913,FD151,3261406182,5999
0079,20180723093913,FD151,3617798025,5999
0085,20180723061935,FD151,7128910025,5999
0093,20180723063706,FD151,4800913165,5999
0107,20180723095330,FD151,11515313718,5998
0147,20180723091146,FD151,9352685211,5998
0017,20180723095025,FD151,15411249871,5997
0028,20180723095005,FD151,13593055496,5997
0059,20180723070519,FD151,13976459496,5997
0099,20180723094258,FD151,14178916244,5997
0170,20180723090828,FD151,12391088538,5997
0062,20180723094621,FD151,18473129922,5996
0007,20180723084100,FD151,21163443549,5995
0029,20180723060713,FD151,23827063726,5995
0121,20180723095417,FD151,28761600648,5994
0123,20180723094718,FD151,29740064350,5994
0006,20180723065228,FD151,32410369366,5993
0030,20180723095752,FD151,49041457328,5989
0031,20180723063332,FD151,62317319506,5987
0158,20180723095059,FD151,92146797544,5980
0012,20180723095148,FD151,135009065910,5971
0080,20180723091944,FD151,167502302034,5964
0108,20180723095034,FD151,164097720723,5964
0024,20180722153731,FD151,173019635068,5962
0044,20180723094545,FD151,179043194202,5961
0072,20180723093844,FD151,241472849018,5947
0048,20180723094313,FD151,272171584332,5941
0023,20180723094953,FD151,428564265288,5907
0022,20180723094243,FD151,429853138772,5906
0027,20180723070658,FD151,504223552428,5890
0145,20180723072812,FD151,520376618752,5887
0046,20180723044609,FD151,542310224900,5882
0019,20180722082837,FD151,549671413480,5880
0067,20180723090345,FD151,557530339180,5879
0090,20180722214458,FD151,651240805100,5858
0096,20180723030327,FD151,677503118918,5853
0115,20180722190523,FD151,679871068056,5852
0071,20180723075909,FD151,738628534120,5839
0137,20180723092431,FD151,841931435676,5817
0053,20180723081934,FD151,931970807114,5797
0131,20180723092947,FD151,944900990588,5794
0155,20180723091903,FD151,1005879739838,5781
0042,20180721185323,FD151,1128252143420,5754
0116,20180723074448,FD151,1400603647294,5695
0074,20180722164830,FD151,4520418057855,5015
0086,20180723095050,FD151,4840151762252,4946
0160,20180723092250,FD151,5949994726168,4704
0132,20180723090115,FD151,6754826664828,4529
0015,20180723053956,FD151,6860989829112,4506
0169,20180723095534,FD151,6862280641920,4505
0154,20180722183554,FD151,6866687043724,4504
0177,20180722214835,FD151,6873265549464,4503
0183,20180723093537,FD151,6905167910144,4496
0182,20180723025201,FD151,7217810069652,4428
0034,20180722195243,FD151,8285523203644,4195
0084,20180722223732,FD151,8365071683644,4178
0088,20180722125920,FD151,8365071683644,4178
0073,20180723065133,FD151,14350208843552,2874
0047,20180722111452,FD151,27535993192244,2
0002,20180723071906,FD151,27547952684444,0
0005,20180723095444,FD151,27547952684444,0
0011,20180723034651,FD151,27547952684444,0
0039,20180722122100,FD151,27547952684444,0
0049,20180723095517,FD151,27547952684444,0
0050,20180722234132,FD151,27547952684444,0
0052,20180722193851,FD151,27547952684444,0
0082,20180722141238,FD151,27547952684444,0
0089,20180723084608,FD151,27547952684444,0
0091,20180723055939,FD151,27547952684444,0
0105,20180723020528,FD151,27547952684444,0
0106,20180723080808,FD151,27547952684444,0
0110,20180723050816,FD151,27547952684444,0
0112,20180723031824,FD151,27547952684444,0
0113,20180721191826,FD151,27547952684444,0
0114,20180723092504,FD151,27547952684444,0
0117,20180723052339,FD151,27547952684444,0
0127,20180723023247,FD151,27547952684444,0
0128,20180723080032,FD151,27547952684444,0
0135,20180723095531,FD151,27547952684444,0
0136,20180722133705,FD151,27547952684444,0
0140,20180723083313,FD151,27547952684444,0
0148,20180722124408,FD151,27547952684444,0
0159,20180721213933,FD151,27547952684444,0
0161,20180723094758,FD151,27547952684444,0
0164,20180723012316,FD151,27547952684444,0
0165,20180723094919,FD151,27547952684444,0
0173,20180723023324,FD151,27547952684444,0
0175,20180723091732,FD151,27547952684444,0
0178,20180723091930,FD151,27547952684444,0
0179,20180723092403,FD151,27547952684444,0
0180,20180723012939,FD151,27547952684444,0
0181,20180723051620,FD151,27547952684444,0
0185,20180723052809,FD151,27547952684444,0
0036,20180723092837,FD152,3441690933,6000
0013,20180723095602,FD152,7988210856,5999
0017,20180723095025,FD152,5851269067,5999
0037,20180723081913,FD152,3569184549,5999
0079,20180723093913,FD152,3921557006,5999
0085,20180723061935,FD152,7340470279,5999
0093,20180723063706,FD152,4576951451,5999
0028,20180723095005,FD152,14022269867,5998
0059,20180723070519,FD152,14141008351,5998
0007,20180723084100,FD152,21161378388,5997
0029,20180723060713,FD152,24348739829,5997
0099,20180723094258,FD152,29102962985,5997
0107,20180723095330,FD152,21288658370,5997
0121,20180723095417,FD152,28325123863,5997
0123,20180723094718,FD152,28700870377,5997
0147,20180723091146,FD152,21954734450,5997
0170,20180723090828,FD152,35487886982,5996
0006,20180723065228,FD152,61854168647,5993
0062,20180723094621,FD152,74825371882,5991
0030,20180723095752,FD152,85369906255,5990
0031,20180723063332,FD152,91346348537,5989
0158,20180723095059,FD152,141004670103,5984
0012,20180723095148,FD152,220747837982,5975
0072,20180723093844,FD152,219926601162,5975
0048,20180723094313,FD152,286174895764,5967
0044,20180723094545,FD152,321980363900,5963
0080,20180723091944,FD152,505741542496,5942
0023,20180723094953,FD152,606120403332,5931
0108,20180723095034,FD152,602687187633,5931
0155,20180723091903,FD152,616478289894,5930
0027,20180723070658,FD152,651721061640,5926
0024,20180722153731,FD152,871063043126,5900
0096,20180723030327,FD152,947491029954,5892
0115,20180722190523,FD152,948301497500,5892
0022,20180723094243,FD152,1370611408132,5843
0145,20180723072812,FD152,1621896496740,5815
0090,20180722214458,FD152,1664335939780,5810
0046,20180723044609,FD152,1684467869396,5808
0019,20180722082837,FD152,1695913866300,5806
0137,20180723092431,FD152,1732317455804,5802
0053,20180723081934,FD152,1977973848466,5774
0071,20180723075909,FD152,2219851616516,5747
0131,20180723092947,FD152,2253740300236,5743
0042,20180721185323,FD152,2450086448604,5720
0116,20180723074448,FD152,3131122486656,5642
0074,20180722164830,FD152,13740636001812,4431
0086,20180723095050,FD152,14958798536684,4292
0160,20180723092250,FD152,19220644340032,3806
0169,20180723095534,FD152,21571418288804,3538
0154,20180722183554,FD152,21573388209608,3537
0177,20180722214835,FD152,21584533819148,3536
0183,20180723093537,FD152,21594751489036,3535
0132,20180723090115,FD152,21787244102388,3513
0015,20180723053956,FD152,21951348855448,3494
0182,20180723025201,FD152,22409200108372,3442
0034,20180722195243,FD152,23741722700340,3290
0084,20180722223732,FD152,23991518924340,3261
0088,20180722125920,FD152,23991518924340,3261
0067,20180723090345,FD152,24774794700024,3172
0073,20180723065133,FD152,39645079024948,1475
0047,20180722111452,FD152,52558682521960,1
0002,20180723071906,FD152,52568070749240,0
0005,20180723095444,FD152,52568070749240,0
0011,20180723034651,FD152,52568070749240,0
0039,20180722122100,FD152,52568070749240,0
0049,20180723095517,FD152,52568070749240,0
0050,20180722234132,FD152,52568070749240,0
0052,20180722193851,FD152,52568070749240,0
0082,20180722141238,FD152,52568070749240,0
0089,20180723084608,FD152,52568070749240,0
0091,20180723055939,FD152,52568070749240,0
0105,20180723020528,FD152,52568070749240,0
0106,20180723080808,FD152,52568070749240,0
0110,20180723050816,FD152,52568070749240,0
0112,20180723031824,FD152,52568070749240,0
0113,20180721191826,FD152,52568070749240,0
0114,20180723092504,FD152,52568070749240,0
0117,20180723052339,FD152,52568070749240,0
0127,20180723023247,FD152,52568070749240,0
0128,20180723080032,FD152,52568070749240,0
0135,20180723095531,FD152,52568070749240,0
0136,20180722133705,FD152,52568070749240,0
0140,20180723083313,FD152,52568070749240,0
0148,20180722124408,FD152,52568070749240,0
0159,20180721213933,FD152,52568070749240,0
0161,20180723094758,FD152,52568070749240,0
0164,20180723012316,FD152,52568070749240,0
0165,20180723094919,FD152,52568070749240,0
0173,20180723023324,FD152,52568070749240,0
0175,20180723091732,FD152,52568070749240,0
0178,20180723091930,FD152,52568070749240,0
0179,20180723092403,FD152,52568070749240,0
0180,20180723012939,FD152,52568070749240,0
0181,20180723051620,FD152,52568070749240,0
0185,20180723052809,FD152,52568070749240,0
0037,20180723081913,FD156,891907476,6000
0036,20180723092837,FD156,2519435504,5999
0093,20180723063706,FD156,2716400597,5999
0013,20180723095602,FD156,3997128924,5998
0079,20180723093913,FD156,2939050123,5998
0085,20180723061935,FD156,3023118072,5998
0107,20180723095330,FD156,4567858644,5998
0059,20180723070519,FD156,6303589619,5997
0028,20180723095005,FD156,6640770952,5996
0029,20180723060713,FD156,7071111480,5996
0099,20180723094258,FD156,7024355416,5996
0121,20180723095417,FD156,8408487516,5996
0170,20180723090828,FD156,7076837668,5996
0062,20180723094621,FD156,10146397834,5995
0006,20180723065228,FD156,10481779849,5994
0017,20180723095025,FD156,12308537697,5993
0123,20180723094718,FD156,12557406406,5993
0147,20180723091146,FD156,13344355106,5993
0007,20180723084100,FD156,21163793421,5989
0067,20180723090345,FD156,24105598088,5987
0030,20180723095752,FD156,33846455970,5982
0031,20180723063332,FD156,37744925958,5980
0072,20180723093844,FD156,49473330246,5974
0012,20180723095148,FD156,50959376550,5973
0044,20180723094545,FD156,51696570584,5973
0158,20180723095059,FD156,53914168074,5971
0108,20180723095034,FD156,60979469706,5968
0024,20180722153731,FD156,82759471232,5956
0027,20180723070658,FD156,87189953752,5954
0048,20180723094313,FD156,91106882250,5952
0080,20180723091944,FD156,112768983064,5940
0155,20180723091903,FD156,141389043788,5925
0023,20180723094953,FD156,204770782136,5891
0022,20180723094243,FD156,267370626204,5858
0145,20180723072812,FD156,316950617648,5832
0046,20180723044609,FD156,325048076672,5827
0096,20180723030327,FD156,330742313398,5824
0019,20180722082837,FD156,332870721456,5823
0115,20180722190523,FD156,335129790436,5822
0053,20180723081934,FD156,376350698154,5800
0137,20180723092431,FD156,383725853670,5796
0116,20180723074448,FD156,511681693726,5728
0042,20180721185323,FD156,649078986988,5655
0090,20180722214458,FD156,673386515412,5642
0071,20180723075909,FD156,776512367388,5587
0131,20180723092947,FD156,938108443988,5501
0074,20180722164830,FD156,2722653010528,4553
0086,20180723095050,FD156,2906716178348,4455
0160,20180723092250,FD156,3519278645432,4130
0132,20180723090115,FD156,4189222752632,3774
0169,20180723095534,FD156,4218647129468,3758
0154,20180722183554,FD156,4221757530944,3757
0015,20180723053956,FD156,4223722280228,3756
0177,20180722214835,FD156,4221907868524,3756
0183,20180723093537,FD156,4269253380700,3731
0182,20180723025201,FD156,4384022064788,3670
0034,20180722195243,FD156,4944449178780,3373
0084,20180722223732,FD156,5040000666780,3322
0088,20180722125920,FD156,5040000666780,3322
0073,20180723065133,FD156,6900435135117,2333
0047,20180722111452,FD156,11278874498220,6
0002,20180723071906,FD156,11291958918800,0
0005,20180723095444,FD156,11291958918800,0
0011,20180723034651,FD156,11291958918800,0
0039,20180722122100,FD156,11291958918800,0
0049,20180723095517,FD156,11291958918800,0
0050,20180722234132,FD156,11291958918800,0
0052,20180722193851,FD156,11291958918800,0
0082,20180722141238,FD156,11291958918800,0
0089,20180723084608,FD156,11291958918800,0
0091,20180723055939,FD156,11291958918800,0
0105,20180723020528,FD156,11291958918800,0
0106,20180723080808,FD156,11291958918800,0
0110,20180723050816,FD156,11291958918800,0
0112,20180723031824,FD156,11291958918800,0
0113,20180721191826,FD156,11291958918800,0
0114,20180723092504,FD156,11291958918800,0
0117,20180723052339,FD156,11291958918800,0
0127,20180723023247,FD156,11291958918800,0
0128,20180723080032,FD156,11291958918800,0
0135,20180723095531,FD156,11291958918800,0
0136,20180722133705,FD156,11291958918800,0
0140,20180723083313,FD156,11291958918800,0
0148,20180722124408,FD156,11291958918800,0
0159,20180721213933,FD156,11291958918800,0
0161,20180723094758,FD156,11291958918800,0
0164,20180723012316,FD156,11291958918800,0
0165,20180723094919,FD156,11291958918800,0
0173,20180723023324,FD156,11291958918800,0
0175,20180723091732,FD156,11291958918800,0
0178,20180723091930,FD156,11291958918800,0
0179,20180723092403,FD156,11291958918800,0
0180,20180723012939,FD156,11291958918800,0
0181,20180723051620,FD156,11291958918800,0
0185,20180723052809,FD156,11291958918800,0
0037,20180723081913,FD168,4177681532,7000
0013,20180723095602,FD168,7520387564,6999
0085,20180723061935,FD168,8971202203,6999
0093,20180723063706,FD168,4988625469,6999
0017,20180723095025,FD168,14145236489,6998
0059,20180723070519,FD168,13737489439,6998
0079,20180723093913,FD168,15273870675,6998
0107,20180723095330,FD168,16122702299,6998
0028,20180723095005,FD168,19058523567,6997
0036,20180723092837,FD168,18812665905,6997
0029,20180723060713,FD168,28017068269,6996
0121,20180723095417,FD168,29650789341,6996
0170,20180723090828,FD168,34665856992,6995
0062,20180723094621,FD168,49768884500,6993
0147,20180723091146,FD168,46596778773,6993
0007,20180723084100,FD168,63642053900,6990
0030,20180723095752,FD168,68063022045,6990
0006,20180723065228,FD168,70802696498,6989
0099,20180723094258,FD168,82009908237,6988
0108,20180723095034,FD168,88008190608,6987
0031,20180723063332,FD168,98143820683,6985
0067,20180723090345,FD168,106807023234,6984
0012,20180723095148,FD168,125608199974,6981
0158,20180723095059,FD168,134676460955,6980
0044,20180723094545,FD168,167071006972,6975
0072,20180723093844,FD168,200482442292,6970
0024,20180722153731,FD168,239455633918,6964
0155,20180723091903,FD168,393656512334,6940
0080,20180723091944,FD168,552864107832,6916
0027,20180723070658,FD168,571982863840,6913
0023,20180723094953,FD168,804008224224,6878
0022,20180723094243,FD168,1311868195236,6801
0178,20180723091930,FD168,1465296450320,6778
0090,20180722214458,FD168,1518293927936,6770
0145,20180723072812,FD168,1554777795192,6765
0046,20180723044609,FD168,1555134168640,6764
0019,20180722082837,FD168,1593816808232,6759
0096,20180723030327,FD168,1658306102454,6749
0115,20180722190523,FD168,1686071442408,6745
0137,20180723092431,FD168,1687301072590,6744
0053,20180723081934,FD168,1860150572486,6718
0116,20180723074448,FD168,1953202260546,6704
0042,20180721185323,FD168,2539021891032,6615
0071,20180723075909,FD168,2817443860168,6573
0131,20180723092947,FD168,2930309640224,6556
0048,20180723094313,FD168,3091736289160,6532
0074,20180722164830,FD168,12521596211684,5103
0086,20180723095050,FD168,13960594837568,4885
0160,20180723092250,FD168,17528662005556,4344
0177,20180722214835,FD168,20673063397996,3867
0169,20180723095534,FD168,20684171751344,3866
0154,20180722183554,FD168,20687858152468,3865
0132,20180723090115,FD168,20710013457716,3862
0015,20180723053956,FD168,20741753360472,3857
0183,20180723093537,FD168,20882561588592,3836
0182,20180723025201,FD168,21434084101752,3752
0034,20180722195243,FD168,22262676743288,3627
0084,20180722223732,FD168,23069887751288,3504
0088,20180722125920,FD168,23069887751288,3504
0073,20180723065133,FD168,34217194330624,1815
0047,20180722111452,FD168,46162078646268,5
0002,20180723071906,FD168,46198242235668,0
0005,20180723095444,FD168,46198242235668,0
0011,20180723034651,FD168,46198242235668,0
0039,20180722122100,FD168,46198242235668,0
0049,20180723095517,FD168,46198242235668,0
0050,20180722234132,FD168,46198242235668,0
0052,20180722193851,FD168,46198242235668,0
0082,20180722141238,FD168,46198242235668,0
0089,20180723084608,FD168,46198242235668,0
0091,20180723055939,FD168,46198242235668,0
0105,20180723020528,FD168,46198242235668,0
0106,20180723080808,FD168,46198242235668,0
0110,20180723050816,FD168,46198242235668,0
0112,20180723031824,FD168,46198242235668,0
0113,20180721191826,FD168,46198242235668,0
0114,20180723092504,FD168,46198242235668,0
0117,20180723052339,FD168,46198242235668,0
0123,20180723094718,FD168,46198242235668,0
0127,20180723023247,FD168,46198242235668,0
0128,20180723080032,FD168,46198242235668,0
0135,20180723095531,FD168,46198242235668,0
0136,20180722133705,FD168,46198242235668,0
0140,20180723083313,FD168,46198242235668,0
0148,20180722124408,FD168,46198242235668,0
0159,20180721213933,FD168,46198242235668,0
0161,20180723094758,FD168,46198242235668,0
0164,20180723012316,FD168,46198242235668,0
0165,20180723094919,FD168,46198242235668,0
0173,20180723023324,FD168,46198242235668,0
0175,20180723091732,FD168,46198242235668,0
0179,20180723092403,FD168,46198242235668,0
0180,20180723012939,FD168,46198242235668,0
0181,20180723051620,FD168,46198242235668,0
0185,20180723052809,FD168,46198242235668,0
0037,20180723081913,FR014,16425490,4000
0062,20180723094621,FR014,33416112,3998
0170,20180723090828,FR014,28434802,3998
0107,20180723095330,FR014,48682906,3996
0028,20180723095005,FR014,74379126,3993
0007,20180723084100,FR014,85546678,3992
0059,20180723070519,FR014,77437000,3992
0030,20180723095752,FR014,86644098,3991
0072,20180723093844,FR014,131120378,3986
0048,20180723094313,FR014,250935954,3972
0123,20180723094718,FR014,270656602,3970
0079,20180723093913,FR014,306234248,3966
0024,20180722153731,FR014,319388618,3965
0012,20180723095148,FR014,351397734,3961
0036,20180723092837,FR014,353427714,3961
0093,20180723063706,FR014,360666800,3960
0027,20180723070658,FR014,372994612,3958
0044,20180723094545,FR014,388344184,3957
0158,20180723095059,FR014,384164204,3957
0108,20180723095034,FR014,432256036,3951
0137,20180723092431,FR014,471228158,3947
0155,20180723091903,FR014,471001484,3947
0031,20180723063332,FR014,611164824,3931
0085,20180723061935,FR014,641063692,3927
0147,20180723091146,FR014,720300698,3918
0029,20180723060713,FR014,766532568,3913
0071,20180723075909,FR014,765195392,3913
0099,20180723094258,FR014,763404846,3913
0121,20180723095417,FR014,808955722,3908
0023,20180723094953,FR014,825234820,3906
0080,20180723091944,FR014,937474294,3893
0086,20180723095050,FR014,1178029824,3865
0115,20180722190523,FR014,1222391080,3860
0017,20180723095025,FR014,1253353264,3857
0096,20180723030327,FR014,1413879314,3838
0022,20180723094243,FR014,2400373480,3724
0067,20180723090345,FR014,2402601118,3724
0180,20180723012939,FR014,2503579236,3712
0145,20180723072812,FR014,2565098064,3705
0046,20180723044609,FR014,2639643548,3697
0019,20180722082837,FR014,2715539440,3688
0128,20180723080032,FR014,2721465276,3687
0090,20180722214458,FR014,2797212992,3678
0131,20180723092947,FR014,2888109752,3668
0042,20180721185323,FR014,3334084188,3616
0053,20180723081934,FR014,3465618880,3601
0074,20180722164830,FR014,14720514132,2301
0160,20180723092250,FR014,21030124196,1572
0132,20180723090115,FR014,21785269014,1485
0182,20180723025201,FR014,23340351656,1306
0154,20180722183554,FR014,28349215332,727
0116,20180723074448,FR014,28874934792,666
0034,20180722195243,FR014,29164920520,633
0084,20180722223732,FR014,29164920520,633
0088,20180722125920,FR014,29164920520,633
0117,20180723052339,FR014,29164920520,633
0169,20180723095534,FR014,29164920520,633
0002,20180723071906,FR014,29718639624,569
0047,20180722111452,FR014,31033321120,417
0073,20180723065133,FR014,31248284974,392
0177,20180722214835,FR014,34477123648,19
0183,20180723093537,FR014,34536902900,12
0005,20180723095444,FR014,34648755920,0
0006,20180723065228,FR014,34648755920,0
0011,20180723034651,FR014,34648755920,0
0013,20180723095602,FR014,34648755920,0
0015,20180723053956,FR014,34648755920,0
0039,20180722122100,FR014,34648755920,0
0049,20180723095517,FR014,34648755920,0
0050,20180722234132,FR014,34648755920,0
0052,20180722193851,FR014,34648755920,0
0082,20180722141238,FR014,34648755920,0
0089,20180723084608,FR014,34648755920,0
0091,20180723055939,FR014,34648755920,0
0105,20180723020528,FR014,34648755920,0
0106,20180723080808,FR014,34648755920,0
0110,20180723050816,FR014,34648755920,0
0112,20180723031824,FR014,34648755920,0
0113,20180721191826,FR014,34648755920,0
0114,20180723092504,FR014,34648755920,0
0127,20180723023247,FR014,34648755920,0
0135,20180723095531,FR014,34648755920,0
0136,20180722133705,FR014,34648755920,0
0140,20180723083313,FR014,34648755920,0
0148,20180722124408,FR014,34648755920,0
0159,20180721213933,FR014,34648755920,0
0161,20180723094758,FR014,34648755920,0
0164,20180723012316,FR014,34648755920,0
0165,20180723094919,FR014,34648755920,0
0173,20180723023324,FR014,34648755920,0
0175,20180723091732,FR014,34648755920,0
0178,20180723091930,FR014,34648755920,0
0179,20180723092403,FR014,34648755920,0
0181,20180723051620,FR014,34648755920,0
0185,20180723052809,FR014,34648755920,0
0037,20180723081913,FR047,243026174,5000
0013,20180723095602,FR047,363391012,4999
0107,20180723095330,FR047,311041161,4999
0062,20180723094621,FR047,570143852,4998
0028,20180723095005,FR047,616322508,4997
0007,20180723084100,FR047,1093333963,4995
0030,20180723095752,FR047,1060285986,4995
0170,20180723090828,FR047,1572902682,4992
0121,20180723095417,FR047,2566043683,4986
0059,20180723070519,FR047,2759235852,4985
0012,20180723095148,FR047,2989591226,4984
0137,20180723092431,FR047,3034281278,4984
0044,20180723094545,FR047,4485243438,4975
0158,20180723095059,FR047,4552800364,4975
0031,20180723063332,FR047,4746506940,4974
0093,20180723063706,FR047,4691619089,4974
0123,20180723094718,FR047,4755914298,4974
0036,20180723092837,FR047,5417508186,4970
0048,20180723094313,FR047,5467789628,4970
0029,20180723060713,FR047,5771789236,4968
0024,20180722153731,FR047,6461843338,4964
0147,20180723091146,FR047,7523731994,4958
0072,20180723093844,FR047,8370819356,4953
0017,20180723095025,FR047,9778721904,4945
0079,20180723093913,FR047,9960206243,4944
0099,20180723094258,FR047,10262593348,4942
0155,20180723091903,FR047,18212687974,4897
0080,20180723091944,FR047,24429347210,4862
0115,20180722190523,FR047,37763883488,4785
0096,20180723030327,FR047,40825361588,4768
0023,20180723094953,FR047,45815466652,4740
0090,20180722214458,FR047,53811509184,4694
0053,20180723081934,FR047,55378431894,4685
0042,20180721185323,FR047,58003839472,4670
0022,20180723094243,FR047,60402063984,4656
0178,20180723091930,FR047,65341677236,4628
0085,20180723061935,FR047,66864250508,4619
0046,20180723044609,FR047,68765014420,4609
0128,20180723080032,FR047,69209654080,4606
0145,20180723072812,FR047,69406291860,4605
0019,20180722082837,FR047,70727472820,4597
0071,20180723075909,FR047,73483691824,4582
0108,20180723095034,FR047,82645157084,4529
0131,20180723092947,FR047,87745095736,4500
0074,20180722164830,FR047,118029449600,4328
0180,20180723012939,FR047,193110932964,3899
0067,20180723090345,FR047,560342278797,1805
0160,20180723092250,FR047,570768472388,1745
0132,20180723090115,FR047,837097598066,226
0047,20180722111452,FR047,870530299972,35
0002,20180723071906,FR047,874150837172,15
0182,20180723025201,FR047,876541843988,1
0005,20180723095444,FR047,876814471512,0
0006,20180723065228,FR047,876814471512,0
0011,20180723034651,FR047,876814471512,0
0015,20180723053956,FR047,876814471512,0
0027,20180723070658,FR047,876814471512,0
0034,20180722195243,FR047,876649470632,0
0039,20180722122100,FR047,876814471512,0
0049,20180723095517,FR047,876814471512,0
0050,20180722234132,FR047,876814471512,0
0052,20180722193851,FR047,876814471512,0
0073,20180723065133,FR047,876814471512,0
0082,20180722141238,FR047,876814471512,0
0084,20180722223732,FR047,876649470632,0
0086,20180723095050,FR047,876814471512,0
0088,20180722125920,FR047,876649470632,0
0089,20180723084608,FR047,876814471512,0
0091,20180723055939,FR047,876814471512,0
0105,20180723020528,FR047,876814471512,0
0106,20180723080808,FR047,876814471512,0
0110,20180723050816,FR047,876814471512,0
0112,20180723031824,FR047,876814471512,0
0113,20180721191826,FR047,876814471512,0
0114,20180723092504,FR047,876814471512,0
0116,20180723074448,FR047,876645720616,0
0117,20180723052339,FR047,876649470632,0
0127,20180723023247,FR047,876814471512,0
0135,20180723095531,FR047,876814471512,0
0136,20180722133705,FR047,876814471512,0
0140,20180723083313,FR047,876814471512,0
0148,20180722124408,FR047,876814471512,0
0154,20180722183554,FR047,876649470632,0
0159,20180721213933,FR047,876814471512,0
0161,20180723094758,FR047,876814471512,0
0164,20180723012316,FR047,876814471512,0
0165,20180723094919,FR047,876814471512,0
0169,20180723095534,FR047,876649470632,0
0173,20180723023324,FR047,876814471512,0
0175,20180723091732,FR047,876814471512,0
0177,20180722214835,FR047,876814471512,0
0179,20180723092403,FR047,876814471512,0
0181,20180723051620,FR047,876814471512,0
0183,20180723093537,FR047,876814471512,0
0185,20180723052809,FR047,876814471512,0
0037,20180723081913,FR083,2056777364,6000
0107,20180723095330,FR083,3031241552,5999
0170,20180723090828,FR083,4003270992,5998
0028,20180723095005,FR083,8473816962,5996
0062,20180723094621,FR083,9476355148,5995
0013,20180723095602,FR083,13027611386,5993
0007,20180723084100,FR083,20525145605,5989
0012,20180723095148,FR083,21466328350,5988
0123,20180723094718,FR083,31249850291,5982
0059,20180723070519,FR083,35476502352,5980
0079,20180723093913,FR083,36129233058,5979
0093,20180723063706,FR083,36428526586,5979
0030,20180723095752,FR083,39781803902,5977
0044,20180723094545,FR083,46859132304,5973
0072,20180723093844,FR083,49523578064,5972
0080,20180723091944,FR083,59674987615,5966
0048,20180723094313,FR083,74457702688,5957
0158,20180723095059,FR083,77839288734,5955
0121,20180723095417,FR083,82778253690,5952
0031,20180723063332,FR083,86415999550,5950
0024,20180722153731,FR083,116494497454,5932
0023,20180723094953,FR083,130475789060,5924
0137,20180723092431,FR083,130106040518,5924
0017,20180723095025,FR083,138250464306,5920
0099,20180723094258,FR083,143626476482,5916
0145,20180723072812,FR083,154978288108,5910
0022,20180723094243,FR083,155617248948,5909
0019,20180722082837,FR083,162676300508,5905
0046,20180723044609,FR083,165742403876,5903
0115,20180722190523,FR083,186814648140,5891
0108,20180723095034,FR083,192671495500,5888
0029,20180723060713,FR083,193828903980,5887
0096,20180723030327,FR083,213362840078,5875
0085,20180723061935,FR083,216257708842,5874
0053,20180723081934,FR083,256974949470,5850
0155,20180723091903,FR083,313283639694,5817
0090,20180722214458,FR083,315168963256,5816
0147,20180723091146,FR083,340817085720,5801
0042,20180721185323,FR083,433660211756,5746
0071,20180723075909,FR083,534574392904,5687
0131,20180723092947,FR083,1091408440296,5360
0182,20180723025201,FR083,1204846871556,5293
0074,20180722164830,FR083,1229407127320,5279
0160,20180723092250,FR083,1748995412680,4974
0002,20180723071906,FR083,1788970384392,4950
0154,20180722183554,FR083,1988407584188,4833
0177,20180722214835,FR083,2072080650240,4784
0015,20180723053956,FR083,2112649793164,4760
0183,20180723093537,FR083,2117587718344,4757
0116,20180723074448,FR083,2532758435856,4513
0034,20180722195243,FR083,2549258444656,4504
0084,20180722223732,FR083,2549258444656,4504
0088,20180722125920,FR083,2549258444656,4504
0169,20180723095534,FR083,2549258444656,4504
0047,20180722111452,FR083,8743803157960,865
0005,20180723095444,FR083,10218283557336,0
0006,20180723065228,FR083,10218283557336,0
0011,20180723034651,FR083,10218283557336,0
0027,20180723070658,FR083,10218283557336,0
0036,20180723092837,FR083,10218283557336,0
0039,20180722122100,FR083,10218283557336,0
0049,20180723095517,FR083,10218283557336,0
0050,20180722234132,FR083,10218283557336,0
0052,20180722193851,FR083,10218283557336,0
0067,20180723090345,FR083,10218283557336,0
0073,20180723065133,FR083,10218283557336,0
0082,20180722141238,FR083,10218283557336,0
0086,20180723095050,FR083,10218283557336,0
0089,20180723084608,FR083,10218283557336,0
0091,20180723055939,FR083,10218283557336,0
0105,20180723020528,FR083,10218283557336,0
0106,20180723080808,FR083,10218283557336,0
0110,20180723050816,FR083,10218283557336,0
0112,20180723031824,FR083,10218283557336,0
0113,20180721191826,FR083,10218283557336,0
0114,20180723092504,FR083,10218283557336,0
0117,20180723052339,FR083,10218283557336,0
0127,20180723023247,FR083,10218283557336,0
0128,20180723080032,FR083,10218283557336,0
0132,20180723090115,FR083,10218283557336,0
0135,20180723095531,FR083,10218283557336,0
0136,20180722133705,FR083,10218283557336,0
0140,20180723083313,FR083,10218283557336,0
0148,20180722124408,FR083,10218283557336,0
0159,20180721213933,FR083,10218283557336,0
0161,20180723094758,FR083,10218283557336,0
0164,20180723012316,FR083,10218283557336,0
0165,20180723094919,FR083,10218283557336,0
0173,20180723023324,FR083,10218283557336,0
0175,20180723091732,FR083,10218283557336,0
0178,20180723091930,FR083,10218283557336,0
0179,20180723092403,FR083,10218283557336,0
0180,20180723012939,FR083,10218283557336,0
0181,20180723051620,FR083,10218283557336,0
0185,20180723052809,FR083,10218283557336,0
0037,20180723081913,total,82557535129,106983
0170,20180723090828,total,262126850430,106922
0028,20180723095005,total,368702596752,106891
0107,20180723095330,total,276028333277,106886
0062,20180723094621,total,465248560150,106863
0007,20180723084100,total,632016882585,106772
0059,20180723070519,total,2071443035112,106682
0012,20180723095148,total,973605743268,106619
0030,20180723095752,total,2039998495184,106522
0079,20180723093913,total,1656974196821,106428
0044,20180723094545,total,2712777423704,106295
0093,20180723063706,total,2371116631039,106207
0121,20180723095417,total,4421940718747,106180
0072,20180723093844,total,2216493851516,105903
0024,20180722153731,total,5951134119054,105844
0085,20180723061935,total,6461262181307,105661
0137,20180723092431,total,5710428658556,105531
0048,20180723094313,total,6016482929658,105462
0099,20180723094258,total,9323800413999,105113
0080,20180723091944,total,3929198121880,105054
0155,20180723091903,total,8279258043720,105016
0115,20180722190523,total,8994152241784,104799
0023,20180723094953,total,5665742701844,104796
0090,20180722214458,total,7177062004450,104556
0029,20180723060713,total,11762781694034,104349
0147,20180723091146,total,32860595196733,103770
0022,20180723094243,total,12121709163432,103367
0145,20180723072812,total,11861365965944,103306
0046,20180723044609,total,12244767427764,103122
0019,20180722082837,total,12201146894580,103117
0031,20180723063332,total,8542656150242,103107
0096,20180723030327,total,10209531698920,103016
0108,20180723095034,total,7664610672580,102996
0013,20180723095602,total,1212067007853,102765
0053,20180723081934,total,13849513843896,102714
0042,20180721185323,total,35908043918864,100839
0071,20180723075909,total,43187540157084,100527
0036,20180723092837,total,13814564252632,100332
0017,20180723095025,total,28217530425378,100015
0158,20180723095059,total,10138993924548,99895
0131,20180723092947,total,46195183745086,99459
0123,20180723094718,total,47431363608992,99247
0027,20180723070658,total,14884327128122,94730
0067,20180723090345,total,56369453610638,90821
0116,20180723074448,total,25403512777558,89464
0006,20180723065228,total,47021663890955,88528
0074,20180722164830,total,100671236336325,85789
0086,20180723095050,total,57298432787536,81208
0160,20180723092250,total,117960265706384,78559
0182,20180723025201,total,110936835973132,78190
0132,20180723090115,total,103752233709140,76045
0154,20180722183554,total,156924425354148,75426
0169,20180723095534,total,157462102279120,74681
0183,20180723093537,total,157740742145044,68065
0073,20180723065133,total,132853277059984,64348
0180,20180723012939,total,173044058069176,62080
0128,20180723080032,total,406293086345068,59864
0015,20180723053956,total,157419749584948,58405
0177,20180722214835,total,157219115150252,57579
0088,20180722125920,total,177846493730236,53808
0178,20180723091930,total,368774602594848,53669
0084,20180722223732,total,178330407278236,52841
0034,20180722195243,total,247303194105676,48670
0161,20180723094758,total,182989277745076,48199
0089,20180723084608,total,185385559537052,47491
0105,20180723020528,total,184347447150580,46405
0127,20180723023247,total,208652191227156,45773
0039,20180722122100,total,208504663353044,45592
0159,20180721213933,total,209792383405192,45333
0050,20180722234132,total,181948640324908,45065
0181,20180723051620,total,222904275136552,43885
0011,20180723034651,total,224209033394932,43807
0140,20180723083313,total,323708733261294,41958
0117,20180723052339,total,231451821519808,41156
0047,20180722111452,total,261222492681200,40841
0136,20180722133705,total,217687710683544,38453
0185,20180723052809,total,192116732883478,38062
0052,20180722193851,total,264156341339220,34623
0148,20180722124408,total,437364744271244,33672
0179,20180723092403,total,437363649949836,33311
0165,20180723094919,total,437363157879180,33300
0049,20180723095517,total,437368056817232,33068
0002,20180723071906,total,418135326646128,32609
0113,20180721191826,total,288823345359460,32070
0091,20180723055939,total,437382438715804,31707
0164,20180723012316,total,270465818451320,30928
0175,20180723091732,total,437729826830556,29970
0005,20180723095444,total,437731072551436,25849
0173,20180723023324,total,437871807327272,19625
0106,20180723080808,total,437885865388380,19181
0110,20180723050816,total,307162827863004,16667
0114,20180723092504,total,437943077613896,10632
0082,20180722141238,total,437909681914762,4000
0112,20180723031824,total,437945270427896,0
0135,20180723095531,total,437945270427896,0
