timestamp,publicID,submissionSHA,ack
20180720180005,0032,ce53ec1b6870bfec5057a7e0c63c15923993fe04b6fa435d255687ebb665960e,"Failure:: SHA256 checksum did not match: ce53ec1b6870bfec5057a7e0c63c15923993fe04b6fa435d255687ebb665960e != bcfe19c4bfa86e6a58332fdad31d3ae13f8fde720ef2180230533fbd66f83a4b"
20180720180044,0029,fba8a1ebaabce0d71811cb37ddfc78626bca30741a7e1497d3a0aef517905d81,"Success"
20180720181734,0013,c9dab2fbf74d010a7c031e09281826e6bb6481799397eac8d6210cfba63b1a9b,"Success"
20180720184250,0071,c9dab2fbf74d010a7c031e09281826e6bb6481799397eac8d6210cfba63b1a9b,"Success"
20180720184807,0048,898ed872bbee480e5e3ecc5d5ff687acfa47270d59a469c5185820b6e347b821,"Success"
20180720185102,0062,6130c84792ad791a897e70c42b0737113357411b3903952d32d0831202c6d990,"Success"
20180720185527,0023,e58f8e4d6dc9d3c0fbacfb4515c8ce13987613a73da2ee9acfa2326b1beac917,"Success"
20180720190752,0048,84f02d2e7ea283b1dfd5cd090ec220088f4aa8a7822a9ab1bca8fbfa9c6e970d,"Success"
20180720191056,0034,2ae794bed4fb5fe7a0157fa469ef037f520b64c264bc08d35666f25d0e922785,"Success"
20180720191732,0023,2bc63006a9a36b20649e293db6160d14f7001f9fe0008aa11ffb9cefee2f9386,"Success"
20180720192523,0039,29cd67eac18e2c94cf0622001b72d353ba2210175f947411bf7734a44650b2d6,"Failure:: Extra file: dfltTracesL/"
20180720194255,0007,c6ea31aa7ed0ca1fe26ebb99dd36aef50079d594fe2353f27fb4396ba0a72d4e,"Failure:: Extra file: __MACOSX/"
20180720195801,0077,0e405d5e01ae50adce9aff49776823ba1dd3aacceeaa099e195eee95a1c91cd0,"Failure:: Extra file: default/LA001.nbt"
20180720200435,0039,014065ab8eab1ea3b1c446daf3ce96d3572ba99cce311179d8b94c5985a14af5,"Success"
20180720200844,0079,c9dab2fbf74d010a7c031e09281826e6bb6481799397eac8d6210cfba63b1a9b,"Success"
20180720201419,0077,ea9a5fbeeca3e6b77be10fc9555133c21bc69c1a9c7396e5fc0476e041cba44a,"Success"
20180720201924,0052,c9dab2fbf74d010a7c031e09281826e6bb6481799397eac8d6210cfba63b1a9b,"Success"
20180720202523,0081,f7a18f0c94a8a1ff90e35a416a6c6a76199de01f21191ade7c9dee337acbc832,"Failure:: SHA256 checksum did not match: f7a18f0c94a8a1ff90e35a416a6c6a76199de01f21191ade7c9dee337acbc832 != 40d201f561608b3c99840019376c7df900bb2530b7662e6c2b974c6681c2fe29"
20180720202943,0079,c9dab2fbf74d010a7c031e09281826e6bb6481799397eac8d6210cfba63b1a9b,"Success"
20180720203502,0039,229947251a7b124fa056d7404fedba7f2e5a9378726a3cfae99f6f482d57477a,"Failure:: SHA256 checksum did not match: 229947251a7b124fa056d7404fedba7f2e5a9378726a3cfae99f6f482d57477a != c0e281d374a473afce33a33663c5113497da5ecc9b5030eaaff2c41fa7290f4c"
20180720204257,0080,ede9a1c974188f95f31077a267095d67cb21cabf20dbfaa251117237b1b20266,"Failure:: Extra file: LA001_tgt.mdl"
20180720205025,0039,e9559ad7961c8f351a294d95ba08cb6c1c8b8e7d44bce1bdb28a70e48543ac4f,"Failure:: Extra file: LA001_tgt.mdl"
20180720212245,0084,db0123166aa74d08b32512464439237b28becc4311cf7fbf9cb6d42c9135662c,"Failure:: SHA256 checksum did not match: db0123166aa74d08b32512464439237b28becc4311cf7fbf9cb6d42c9135662c != 0a71656d3aee41a964194e320f02a5ee551172b091cf99421ea19ac7f2984f3a"
20180720212303,0018,379c00aa8c12607c4972158893dd476714bc0d93a3db7484ae71efbd474c6aa5,"Success"
20180720212410,0032,a27a0e3ac29b6dbad0e3f8dc9c8388a9e12f806674175c763a84a9d6ef8501fd,"Failure:: curl: (22) The requested URL returned error: 404 Not Found"
20180720212458,0017,6b8a20f14b1c976e839cd53840962b52b7675a02d7d0143263d942920885b0e1,"Success"
20180720212510,0082,c9dab2fbf74d010a7c031e09281826e6bb6481799397eac8d6210cfba63b1a9b,"Success"
20180720212601,0081,40d201f561608b3c99840019376c7df900bb2530b7662e6c2b974c6681c2fe29,"Failure:: SHA256 checksum did not match: 40d201f561608b3c99840019376c7df900bb2530b7662e6c2b974c6681c2fe29 != e7a9adb5a7ae4329e4ad4e1bf095c1809878555b7f41e76bbd31b399d42cd5b7"
20180720212855,0036,465db8764cbf3d0a9bbfc51c6e3e7b80d13c3c8e3ef5200fa75dc329376e4829,"Success"
20180720213935,0084,db0123166aa74d08b32512464439237b28becc4311cf7fbf9cb6d42c9135662c,"Success"
20180720214407,0081,f7a18f0c94a8a1ff90e35a416a6c6a76199de01f21191ade7c9dee337acbc832,"Success"
20180720214744,0023,00b36127b0f5153ab68f7fd796294fdfc0199e1f288f9e76f53123b0472742c0,"Success"
20180720215517,0080,e919cf56868fb952d09da7f18bd490fcba25c25e07cc63daa8e7e19551599481,"Failure:: SHA256 checksum did not match: e919cf56868fb952d09da7f18bd490fcba25c25e07cc63daa8e7e19551599481 != 812525183617bdeb978278811b37e737cb3fa0f12ae07ee9b6f9ea89f5602e9f"
20180720220437,0029,ef0978869274f26d0f0782fc4f642a4bbb687efa11f5cbb44fc7269768f0b0df,"Success"
20180720220901,0094,51666760ddb0bac0540ffd52873278945211df0523fdcab9b8487402a533ba34,"Failure:: Missing trace: LA002.nbt"
20180720221135,0032,a27a0e3ac29b6dbad0e3f8dc9c8388a9e12f806674175c763a84a9d6ef8501fd,"Failure:: SHA256 checksum did not match: a27a0e3ac29b6dbad0e3f8dc9c8388a9e12f806674175c763a84a9d6ef8501fd != 50ae480fa1ea72363448133369064c650712a3774e361a272e41dedb8aeb507f"
20180720221227,0079,303782a3061662772662dfff0c58f6d12a030400a6a60479b4f2fb3e11cf4fa8,"Success"
20180720221333,0080,53d5bd7ebd18ab46ba018fcebf5b8d9ebc701ae9b70c614fdc82e76566b1fe8b,"Failure:: SHA256 checksum did not match: 53d5bd7ebd18ab46ba018fcebf5b8d9ebc701ae9b70c614fdc82e76566b1fe8b != fc9fa1c20f2186be16fa693d2714ff32ef137d8e6a4bcebd0a6e8bd37dc1cebc"
20180720221352,0036,ffd1f76103853282694bd53181a099325ccf5f0369a7bb1f1cda4ffbd7527acd,"Success"
20180720222719,0023,29ac8045042564f447607bff415dbe94af957c2b5f379025c9e3bd37f94083f4,"Success"
20180720223314,0097,564217e501a5683400f266780d5d3116119bdd9d0b8c822deaf5f8ff0580f47b,"Failure:: Missing trace: LA051.nbt"
20180720223454,0007,2f37b6a63c6c0308776f34efdf4be182751a676fa7fa931449cd9b643bc32f90,"Failure:: curl: (22) The requested URL returned error: 404 Not Found"
20180720225005,0007,2f37b6a63c6c0308776f34efdf4be182751a676fa7fa931449cd9b643bc32f90,"Failure:: SHA256 checksum did not match: 2f37b6a63c6c0308776f34efdf4be182751a676fa7fa931449cd9b643bc32f90 != 086a49f7f40a80821e0007862b92ea80a29b953623216a1f1b701d49a7c2c4be"
20180720225414,0048,f847276c0ca44e6e527e24caf3f9b165a9948b54b89ccec0d3848a5aa535b7ae,"Success"
20180720230259,0032,c9dab2fbf74d010a7c031e09281826e6bb6481799397eac8d6210cfba63b1a9b,"Success"
20180720230622,0053,0006ab4e1add37b6e3b334a07d7e399415ae3a3682f3c3ea26eb632bc9faa4f5,"Failure:: Extra file: tmp/THIRTEEN_01/LA001.nbt"
20180720230929,0007,3b4d5f9cf4c40f84ff839d264f00d3d67ce63caa4c05afcd2347be7c8253b424,"Success"
20180720231202,0098,c475bc6c18e0e07aacdd51065f3d18ad94e396a9bb037a37cff753836fcc1760,"Failure:: Extra file: LA001_tgt.nbt"
20180720231756,0048,904b7c7ae099dadd05c6179e157618c8e32e543dd43b0f1d5d507b5f19a27197,"Success"
20180720232152,0053,cb11478e01b1066076f3c487ccea33ffcf6f77691b074e663f69b4d03e2b8285,"Success"
20180720232427,0050,ed41091c52fa2e4f51cdb34aee74fa361c6afe6cc0076dfc15b281670d741382,"Failure:: Could not decrypt zip archive with private id"
20180720232814,0044,880f7ae4b295bdc76d2b7e3dfc57468377c93549ab59e09838cb9e5150aa7450,"Failure:: SHA256 checksum did not match: 880f7ae4b295bdc76d2b7e3dfc57468377c93549ab59e09838cb9e5150aa7450 != 5a034777639dde7eec03912ebc07b941f00c9d69c453220b54522c02536aa382"
20180720233110,0007,19991561ae11b9edde4510ce5101dde7033f22abcb0661c5a00c07ebc1eb5395,"Success"
20180720234239,0077,35dbc7728f1ce2c140b90a8f2d6447d995c217aec1b79d1ccad8bc98f07c149f,"Failure:: Extra file: LA001_tgt.nbt"
20180720234833,0079,e7eb7b9abc9cc3386e375e44f4c741ee842cda99df6f456088ce28924859795b,"Success"
20180720235111,0050,f6b5a277a465120c7ef0fdcd914f390ef56d77932aef15ab5f1d8aac9a4ff706,"Success"
20180720235610,0029,ef0978869274f26d0f0782fc4f642a4bbb687efa11f5cbb44fc7269768f0b0df,"Success"
20180721000617,0048,02d3815e04f6649d95b671a0b43f8fbb4a77c4b1f587af47cbbea4cc6e007c28,"Success"
20180721001238,0053,91f901792d1a5ddc02c8a287b3bdd5fa11e615911a3bfcf873a0acae65874c82,"Success"
20180721002521,0102,c9dab2fbf74d010a7c031e09281826e6bb6481799397eac8d6210cfba63b1a9b,"Failure:: SHA256 checksum did not match: c9dab2fbf74d010a7c031e09281826e6bb6481799397eac8d6210cfba63b1a9b != fcc717c8d35f3b29e6be93441033b6634f9ca3b7cd9912bbaaf8e5d469110c5f"
20180721003056,0077,f67329a5c17d57b819b194133012bd1f1df7793ebe2bb734f85052a268a9c4ab,"Failure:: Missing trace: LA183.nbt"
20180721003245,0098,adeac86c833cd5e82ad8cbe322eacc9a06c9739ec4fd7696b9c2a75913f0cc15,"Success"
20180721003446,0050,28aa358f6564e00a596ce70d7f381995f35267e565d3bf832e239e3c1a5362d7,"Failure:: Missing trace: LA173.nbt"
20180721010025,0048,53f4c4253f64461be9748af27e3139e9fd4f75e94102610562c11335b2d1a204,"Success"
20180721010611,0011,98739956092b63a2bc7650c61c7e0d298c7fbd2b21ce5498d660a223e89d9707,"Failure:: curl: (7) Failed to connect to icfp.fattest.cat port 80: Connection timed out"
20180721010800,0050,c9b407edeeb5b05fe4c4491b9896e89a53c509faf47d1b4c48472dcc65af4340,"Success"
20180721010812,0007,7caf99feb3cbbe274f72fac087579d6de6f787fe9d2d0b7f94cdbe0a7035758a,"Failure:: SHA256 checksum did not match: 7caf99feb3cbbe274f72fac087579d6de6f787fe9d2d0b7f94cdbe0a7035758a != a5ea164e6affce799ed226e3d08e9dfb01f9fdbe476e4e73afc382a8e4ebda2f"
20180721011049,0079,943cf9bed32cd3ab3ab137b7c25dc51b5db78c69c1b97b818e6f2ee652ac6e0b,"Success"
20180721011348,0012,6aa1d8ac6b7839780fed4ade645739de6e062bae05146ac844c3e7d6c168216f,"Failure:: SHA256 checksum did not match: 6aa1d8ac6b7839780fed4ade645739de6e062bae05146ac844c3e7d6c168216f != d494d054c2b4662f6eb4c1593a6deeb246a4be0351b35241f825cfd88e4d046d"
20180721011512,0018,6a04c3c2a67e4a8d67f23c695112c936793a980aa88391b12f51bc8cad7feaee,"Failure:: SHA256 checksum did not match: 6a04c3c2a67e4a8d67f23c695112c936793a980aa88391b12f51bc8cad7feaee != 4400878ed1e2dff5da57230c8961be8f4145711c9c29393ea841d6a0eef718a6"
20180721011906,0102,c9dab2fbf74d010a7c031e09281826e6bb6481799397eac8d6210cfba63b1a9b,"Success"
20180721012916,0007,d26ac0843b92ad45334e94e4ea8a9e7bbacfe0e0f7550e381ccf2f57385ea901,"Success"
20180721013304,0079,28fa321734d97dad346945d9e51f52ecc7f3b2211d90690a576e420a9a5be114,"Success"
20180721013739,0098,9bc69446127a4c5cd54a16a6dea0ebfbb69ada7447268fba23fda3a48f5cc4ba,"Success"
20180721013951,0113,a0aea8dc8eb7d2d6dcc72d0f09939d0f719a2cee2e4ba416a8318d3adb20381f,"Failure:: SHA256 checksum did not match: a0aea8dc8eb7d2d6dcc72d0f09939d0f719a2cee2e4ba416a8318d3adb20381f != af61a57c67da4db7d22dd43fdd7d5300dddf21337fa6294b9435ee5197499051"
20180721014326,0053,da9b7e127ed8bae61e36cc9c584ce5fab675e0ec2c012ca3688487e5aa47a3d7,"Success"
20180721014642,0012,6aa1d8ac6b7839780fed4ade645739de6e062bae05146ac844c3e7d6c168216f,"Success"
20180721015041,0018,7f18a4f95a9d4b635b51b64c7e16d89dde0beea37ffbe89dc1b6468c5b9e5065,"Failure:: Extra file: home/artem/icfp/ans/LA001.nbt"
20180721015131,0033,fd6f7cc4c3f69cbb54efc5f5ba71d3a73f1beb57e2e18e6d03359124c5ce1bc7,"Failure:: Extra file: LA001_tgt.mdl.nbt"
20180721015612,0013,08fe36a0d32252bdea0cf3fba0c7de6efb505b21a507ce185a2b8504e0ee2e62,"Failure:: Missing trace: LA004.nbt"
20180721015924,0098,b0e3744de31f5b416beee2e50246b768676f15c18e473016c2660f820ac3bd6b,"Success"
20180721020057,0113,a0aea8dc8eb7d2d6dcc72d0f09939d0f719a2cee2e4ba416a8318d3adb20381f,"Failure:: Missing trace: LA002.nbt"
20180721020232,0079,1b8849e90e1d3d66525fc0905ffc80a8d5b700cbe44c191844283af28ca74195,"Success"
20180721020514,0053,35a62c99d050cf59813de772e19b3c8ca4feb5c6fe937eb5f973a1f83f8f2c4a,"Success"
20180721021052,0011,98739956092b63a2bc7650c61c7e0d298c7fbd2b21ce5498d660a223e89d9707,"Success"
20180721021121,0006,b669f6397d90d8d0fc2214eb7c6456c524f554ec8834d9cb36a21ddcf0fcb25a,"Success"
20180721021810,0093,ca225b02cc28b53da62bc88463693932e44c49630c1ba1828d969c15cf795ec4,"Failure:: SHA256 checksum did not match: ca225b02cc28b53da62bc88463693932e44c49630c1ba1828d969c15cf795ec4 != c93a120ffa941c3b43edbe38a5efdf7ddb1d2acea2e56509096982a602da257b"
20180721022924,0033,0e1be3046b44c37cacedf669cb963fa43d480d5b7aa1c450d23c93f124f46737,"Success"
20180721022954,0079,0eb37eed113a84e12a94f79a5cf67249d7e865710ddd6489e7dde33d163f821e,"Success"
20180721023040,0018,037d8adeab4b45e1c724f32d8df71da23365a21b7816e4ddb4ac364013d3615a,"Failure:: Missing trace: LA004.nbt"
20180721023332,0117,0bbf55af253c3e0d02745d56885913297ee248b496a85e06c50bffa9a4296283,"Failure:: Missing trace: LA002.nbt"
20180721023958,0098,be2d7a244b372126b654ee1b0171f2f9f85fe5b4800a1fe8bb56a3bda8b29cce,"Success"
20180721024921,0115,c9dab2fbf74d010a7c031e09281826e6bb6481799397eac8d6210cfba63b1a9b,"Success"
20180721025029,0030,0e2c9641a09371dcceacd7aaab27f1e74d8ddf355ee0c8b4fa9ab47604393d92,"Failure:: SHA256 checksum did not match: 0e2c9641a09371dcceacd7aaab27f1e74d8ddf355ee0c8b4fa9ab47604393d92 != c90760d0892ad24a65038c2e52e54811b3c81da25aea6781e51179bbb2841d3f"
20180721025415,0117,d4ee6baccc48606d055d8f5919766a568785e7a525cb63968e3d36e796609482,"Success"
20180721025603,0033,ef371e791e40005986741e3d25a7fd99f1b8435d4784f4055e3522174eea2ba9,"Success"
20180721025819,0018,0d315ef1e016c83d71766e2d0adbec7a16de1d940d309492de4818d7fc9a9b88,"Success"
20180721030350,0017,d601a26cb6d80d14f6a7a4ab2f7ee3033b28d9323f7d2bad2b87bfad4fb39805,"Success"
20180721030440,0046,a07e39efe6cd36b1090a6ef5c6c778c7af921f482c2a51aa619ccc777513f573,"Failure:: SHA256 checksum did not match: a07e39efe6cd36b1090a6ef5c6c778c7af921f482c2a51aa619ccc777513f573 != 4c201cd456ebc16813d41612b38933b7b0ed184f936d6fe271f15a8677517ee7"
20180721030744,0006,7db8cf85fa5da66a34f8e37997f5536285e44aac129bfb54c89bfc58be3f9f8a,"Success"
20180721031358,0077,42a5123a4db5e845cd16015da414250634f08becd6cb373c2e340a1aca550959,"Success"
20180721032119,0079,aaf434c216e294ff0f7ecd7f65d688801a61690dcf05f24e2b55bc890a92f510,"Success"
20180721032300,0046,a07e39efe6cd36b1090a6ef5c6c778c7af921f482c2a51aa619ccc777513f573,"Success"
20180721032320,0030,0e2c9641a09371dcceacd7aaab27f1e74d8ddf355ee0c8b4fa9ab47604393d92,"Failure:: SHA256 checksum did not match: 0e2c9641a09371dcceacd7aaab27f1e74d8ddf355ee0c8b4fa9ab47604393d92 != d1e84888d9b665015c6da939ec4eec87a88ec054209073a8a196a0c04d826f43"
20180721032940,0112,fb4120ab083957ea0e69e9a47ccccd7e864bef0f070d28c5ec325fccf39059b5,"Failure:: SHA256 checksum did not match: fb4120ab083957ea0e69e9a47ccccd7e864bef0f070d28c5ec325fccf39059b5 != b00d7b4b8c109c9a1893b56167ec25df871d94004d47f6708a184f09545e04e6"
20180721033116,0017,149cfe5abfff364a98f3d2f568935064103462cc1f28a8ddb0cf14799f3da901,"Success"
20180721033858,0030,0e2c9641a09371dcceacd7aaab27f1e74d8ddf355ee0c8b4fa9ab47604393d92,"Success"
20180721033914,0079,f05649b3a39fb01b16d8807fff382d6e165131a44fb88c98834f9d3781886685,"Success"
20180721034017,0117,da46ae00ab0f59c75ba7d4d66ce97bcdbbdc9e7667480ef5f0850e2fb6947303,"Success"
20180721035218,0006,91ac3a0799ab3406edc5cd087231195c83d26a35652607fa5ec51800ada0e160,"Success"
20180721035441,0012,67f00c273ac5cb195c4e5a89aef9d86b5e8d38a7b06fae298be72ce4c2229959,"Success"
20180721035933,0048,f0338be6d6e6cfd756a9b019326fa27263b46ef069beefaaaeaede17b59055c4,"Success"
20180721041125,0036,989898dffac7e56e45ecddea4fe1c53a74cf85943e29b6a155f65d6f1feea9a9,"Success"
20180721041621,0018,1ab2dfafa18c982af5bc672a0630ff02a0277544fc82a81af84b6456ca4f12d1,"Failure:: SHA256 checksum did not match: 1ab2dfafa18c982af5bc672a0630ff02a0277544fc82a81af84b6456ca4f12d1 != a5aab928d604dfca739af9f7a5e63facf246d5a4f33d1d4f5380979e3856dcc6"
20180721042904,0099,1201c6ae6d0ae0b2e7f4199ab150a1bab4b8aee3ae2a342da505aeb4f712f431,"Failure:: SHA256 checksum did not match: 1201c6ae6d0ae0b2e7f4199ab150a1bab4b8aee3ae2a342da505aeb4f712f431 != eb2125359e899bd785c2dfc69d0d3bdd06e7cff76b8571a1c9685a23175cfc02"
20180721043536,0119,c9dab2fbf74d010a7c031e09281826e6bb6481799397eac8d6210cfba63b1a9b,"Success"
20180721044024,0030,4f30687aab5b1f7558a9454d0c6945595c9e5504e6539f406cd6ededcdd21f78,"Failure:: SHA256 checksum did not match: 4f30687aab5b1f7558a9454d0c6945595c9e5504e6539f406cd6ededcdd21f78 != d101559f39b5ce1f1a3993552ef231d7b5091feafa3a1bc753fec4822b872b44"
20180721045204,0013,800b9d6d7831c1f60744fdc29ee8e5bc253bf89eccaf5e8f26cea33d416ab940,"Success"
20180721045311,0050,cfb1e52e1feaf2fabcf28f4f8accadd1e4fb3399727dc281665df210ba51b38c,"Success"
20180721045628,0099,1201c6ae6d0ae0b2e7f4199ab150a1bab4b8aee3ae2a342da505aeb4f712f431,"Failure:: Extra file: submission/"
20180721045644,0080,0a009130ed3703162dbc204a8edcdef808077637a7fbb695032113aee748f37f,"Failure:: SHA256 checksum did not match: 0a009130ed3703162dbc204a8edcdef808077637a7fbb695032113aee748f37f != a1a0072386be36abb22f9eec5f5abe7603d6aead1de200515650e794b9c41a75"
20180721050501,0030,f32e642b1f074ec5c662cefd995ad8bdfc9d595cdcfc5b1cc2adf53314a858e9,"Failure:: SHA256 checksum did not match: f32e642b1f074ec5c662cefd995ad8bdfc9d595cdcfc5b1cc2adf53314a858e9 != c77b630feebd9154135061bea8f712b9ef3f199002db652de9dc9df63f14a89e"
20180721050631,0093,e33c861fe64a61b2619a72512d746ed7a7018852caac73b366395f97d78e3fa4,"Failure:: SHA256 checksum did not match: e33c861fe64a61b2619a72512d746ed7a7018852caac73b366395f97d78e3fa4 != 1fc438361f77d9411ba9533b4c79dece283984f6769f3c81ee4df98697260eac"
20180721050701,0117,c90ed49f544f6fa4f324dcffae99bfd8cd685ecd22bfe4db49a89fd459a89fd1,"Success"
20180721050931,0006,73ed30bd03dd10d506a126f47e4fd3e34e514ca79c97aa42e3cf0d4865ed6556,"Success"
20180721051011,0008,597cd3da88102d06bf0be0b699d6b356ed40d99a9f4a6abc98d6ed94fc8dabf1,"Failure:: SHA256 checksum did not match: 597cd3da88102d06bf0be0b699d6b356ed40d99a9f4a6abc98d6ed94fc8dabf1 != 0c4f5dc67b380300fff6b93bb7166b0cb053bbe78646223df0ab62b6e53fd087"
20180721051236,0013,683c6a8f255e69393f63ce18084e8f49224961d6941af159d2508507330c8e1e,"Success"
20180721051912,0053,3389a3a76e02fcb5f75e2e2bd566f92201095900587c3f211330f422052cba5a,"Success"
20180721052244,0122,becc6e3306485ae9d6530724267c370e534c2eb9d735dcf4f97fa6e3d75df0cc,"Success"
20180721052733,0008,597cd3da88102d06bf0be0b699d6b356ed40d99a9f4a6abc98d6ed94fc8dabf1,"Success"
20180721052750,0048,fc66f5f3ec4e9363f4eb373d6e2de20805cb81275c7d801256837aeca55c1c17,"Success"
20180721053016,0099,f99e6f404774a99395e31d04bf464ac824300951d01b8eedd671bba1300250f1,"Success"
20180721054141,0093,e33c861fe64a61b2619a72512d746ed7a7018852caac73b366395f97d78e3fa4,"Failure:: SHA256 checksum did not match: e33c861fe64a61b2619a72512d746ed7a7018852caac73b366395f97d78e3fa4 != 0c72df50e922ca90b084299f0629efc73bd224cd16e0722d2bcd00afd8a69b04"
20180721054433,0122,bd695c956cd89f8e6d4c34ba1ecdb89b9a2b910d175da3e80769213372a00f76,"Success"
20180721054534,0097,3da68acd3aa55c292d9e623235c1d489cde201fd034ac25af977f3c403444557,"Success"
20180721054720,0029,dfdb08a73b19567c2f1a7b5fc474f2adeb9a34441523cc8273dcf738e53cf1d0,"Success"
20180721060601,0048,5f2a8fc35e501144313be9bb38a624890e87008a06b84187a3013599a01ca4dd,"Success"
20180721061147,0044,880f7ae4b295bdc76d2b7e3dfc57468377c93549ab59e09838cb9e5150aa7450,"Failure:: Extra file: LA001_tgt.nbt"
20180721061311,0030,a9a5b40eb2f2435aa311a785225f55f13f84e51c5a81a73183a0b379bf981c3d,"Failure:: SHA256 checksum did not match: a9a5b40eb2f2435aa311a785225f55f13f84e51c5a81a73183a0b379bf981c3d != 329dd3e0e86942a88c3c078eafeb7ea7f41bc73ae75e4c2f594cb27af404e9f1"
20180721061832,0013,9e93852d4c3125f6bc8640b098f32812237b9272ba71b26c21311d5570f7ec5c,"Success"
20180721062125,0093,e33c861fe64a61b2619a72512d746ed7a7018852caac73b366395f97d78e3fa4,"Failure:: SHA256 checksum did not match: e33c861fe64a61b2619a72512d746ed7a7018852caac73b366395f97d78e3fa4 != 40db532d10cfa6c5059fcb39db25c7b49236b4d6b660f86431b1a9fce836daa4"
20180721062641,0125,e9a68a8b40432d29e6a7413eb3f480140eec5fd59c82e8749f1aaa4c97b51685,"Failure:: curl: (22) The requested URL returned error: 404"
20180721063010,0116,db8120dc2a0227cda4e4fbbf9f4af6ccded8dfcc734667bc1827d64478e0f267,"Success"
20180721063125,0030,082fa80da8df2f57d4c2bc1349e084cedc0fbe9cc414d60fec13333c231be154,"Success"
20180721063318,0017,c37e6bc9b6e266cd0f98fb61e4d521a9a38d8ed7765869d9485c6f125e540a95,"Success"
20180721063632,0093,e33c861fe64a61b2619a72512d746ed7a7018852caac73b366395f97d78e3fa4,"Success"
20180721063856,0050,a60646aaa7ac65cb94ee4a0fd178af51a834dd97a26c7214349e21b21cef4286,"Success"
20180721064302,0122,5635ad3babcb81b033681dca261319e0c31a0db10dc88c32ca8de8bf56f414b0,"Success"
20180721064700,0008,f7a66367af433ca04e7f21c6eebde906e7189584f2200eb97ce0c613a6afeaf7,"Success"
20180721064931,0094,f22df6de939a29e15f7e6ab29a8e6b3dc5a8f38ca3e580c79ff1c2087ee41848,"Success"
20180721064949,0116,e90a78f51bb9f39a6fced25ba7188f45c0f974badc9655ef20f266ad48b3f30c,"Success"
20180721065212,0130,6fa6830f272b857e86bab9ae441f73d74a565b6c23d5549fdd757526ef243ae7,"Failure:: Extra file: submission/LA001.nbt"
20180721065731,0031,a9fcfa6b880f14abb37553214eb6167fb2de69629ff403b7cb2ad943c723d68a,"Success"
20180721065950,0070,2dfa4376663bf1cf5f2a166504f5710657b31c28df4e942d854956b13c4afe5b,"Failure:: Extra file: traces/LA001.nbt"
20180721070005,0011,290c2f639ea5f88bfc5003276ae809c68efeed28bac9b9e924e2b6d63c68cb30,"Success"
20180721070318,0120,e1e59c6c8a25e73889ae4b3e05c76017d3189a177351f9c83fd21195e3e84d6a,"Failure:: Extra file: submission/"
20180721070514,0093,18e038f131f4d1a365ac81fe5612f3a4fc54329b55fd43361206cad434adb056,"Success"
20180721070524,0116,566420fd47754b6e085c5d777da008aa6c028f1adb3a84b14b08fbd03246a3cb,"Success"
20180721070526,0053,c2400770ac2e13113c8a48bcb132f631b09249abce7e6a15fb3460f418752243,"Success"
20180721070823,0130,32bd68750e0c252371bbd75da81c242cdcb55930f7ee439c25c2cf80dcce243e,"Failure:: Extra file: submission/LA001.nbt"
20180721071550,0070,0ec468584e01c2db46c448864fc672d8a93f143f94a90ed68c5fa93b31a9c7fb,"Success"
20180721071902,0120,4564f207cee8ee89b65980cbadb84e8bd89c3edbb0297ecaaf64fa079f0c0400,"Success"
20180721072349,0117,aa2a6982c60cf2c4984850538ec4ee6c5a890d60bb5d64dd9280b57b8599ded6,"Success"
20180721072358,0130,09ab0011f8b3fad15e3901b0577343d5d3473b5fd30cee2505f1d50d96a2f342,"Failure:: curl: (7) Failed to connect to transfer.sh port 443: Connection timed out"
20180721074027,0046,88fce53e24bf4a0a3a05ebe8284c6cbdc4677b56436fedad68c7f2e7b1207b43,"Success"
20180721074251,0080,628c60cbc62318a9c5d77717f3355a37a0aabdcbf452da4567993d1922c1e2d3,"Success"
20180721074701,0044,becbbab7d8ec9ce3cef787d4792dd6b4cfd67a87c731c1062e4c892469d53561,"Success"
20180721074910,0081,032afe1118d9bd437c392c9ad1f25c31a7076785a77b176bc1348c82732f5cfc,"Success"
20180721075324,0116,5d0c4bff133a906255c52f9ac6cb86f7c2117ce552845095427c8361f8c80fb9,"Success"
20180721075542,0022,6dd5a334319c064596eac96e894985e7349a618725bd5bc6b73d80aa8e96bb2e,"Failure:: Missing trace: LA008.nbt"
20180721075818,0007,e938525139005fbd7b51c2a98cc0c52b93c26e049e9b0812ca7833d02301a84d,"Success"
20180721075859,0117,a990177f66d42c6d013fd608ff9b0c68bc6df962258407da954cd38202ab82f6,"Failure:: SHA256 checksum did not match: a990177f66d42c6d013fd608ff9b0c68bc6df962258407da954cd38202ab82f6 != aa2a6982c60cf2c4984850538ec4ee6c5a890d60bb5d64dd9280b57b8599ded6"
20180721075905,0131,c284a29ddbf64f2407a6feaa5ee9c28e783a0174b3cf68ca463b9c0c8715fa34,"Success"
20180721080427,0081,a3c85489c7d46d4f7272fd362c43cd70468ddf670c3b42086173f10903a3b0f7,"Failure:: SHA256 checksum did not match: a3c85489c7d46d4f7272fd362c43cd70468ddf670c3b42086173f10903a3b0f7 != 1eaa880b41b01e6be10323cf677700283bf70210c8e46617a3853bb3fdee0f2c"
20180721081009,0130,0c2bc80eda22171b13540a30a5c7df948a5e0b0673f09c90703d45e4962230ba,"Failure:: SHA256 checksum did not match: 0c2bc80eda22171b13540a30a5c7df948a5e0b0673f09c90703d45e4962230ba != 1ebce01179cb53bd050aedba80bf96258b91c8cc665ac4b02ee442f960e81290"
20180721081012,0129,1cf01f35e716ab9d0178ff50c1e3504175720411ab23995e6a1a9eb3ed16d1a5,"Failure:: Extra file: output001.nbt"
20180721081304,0022,e79395e42be7b5f766a6928fceb007fc0c06efd25be89573e431d9f27506ad72,"Success"
20180721082113,0081,a3c85489c7d46d4f7272fd362c43cd70468ddf670c3b42086173f10903a3b0f7,"Success"
20180721082214,0007,2443e99ac56b7b95bd943be8b11eb7e653db9f990fd725431f624e46721c13dd,"Success"
20180721082449,0052,84602b56586d9b9f5f58df5efd2bc536c775451c68d9f296a6c84f4243fcec7e,"Success"
20180721082525,0130,3e1e7ea72cb0ae9fc97521feb0691fd0f9e231cfc24b79b4758a7146a24a6715,"Failure:: Missing trace: LA001.nbt"
20180721082958,0123,9540653a6ff057d46c0a110fac22f707d8a3c9a88d64b59222bf2a4aad147e09,"Failure:: Missing trace: LA003.nbt"
20180721083313,0019,e7b0f9b057ba15bb23b060e70d6c749809c9e9b0f859b21817ae1ee44ed19a1a,"Success"
20180721083339,0129,1899793d8b03e92a19684de57ac0838435a24d945c47af7c5c9422f08623bbf2,"Success"
20180721083346,0012,0fe21527caec5f13cb9f6595ae1169e7bd4b5328b502507e2a3a4491c1a1bb24,"Success"
20180721083627,0081,9177d390531e0119634b27b4ce02de39b843d743f014b4521b426596cf94e1f0,"Success"
20180721083849,0107,f9f4607fb520b59b475046b71fb39c47c10407c020f65c91c6f947a3c7fd675b,"Success"
20180721084031,0127,e530ad012b43f81d9ef05db7b5842ea59ecf73ccbe3238cb38f045a821e0ab1d,"Failure:: curl: (9) Server denied you to change to the given directory"
20180721084247,0028,f1f76e4370965f8c12585b089548fcc7795f560a01e856f50cde18a24069ce13,"Failure:: Extra file: best-results/LA001.nbt"
20180721084612,0079,10a8cc97003e2fcf10a23e019d99b9ea1cfb2b6de57c6a893135cc2b0c37d086,"Success"
20180721084809,0123,e2582372e19d701310177f6c61010e52193a6b74b17f91978437169e19de6d7f,"Success"
20180721085044,0047,15742b0cbff062428dc4988316e30aee77c70ab3e499401214ddd52bdd0ca7e9,"Failure:: curl: (22) The requested URL returned error: 400 Bad Request"
20180721085332,0030,2301e7d4cbb18d526b36c5bfc6da0513e3a92fef9b1badb67ee84410a5ca653e,"Success"
20180721085608,0027,74c913a4201886fdcdf2c14c1429c548afced9cf3a4f27eb08e5c55886793c5d,"Failure:: SHA256 checksum did not match: 74c913a4201886fdcdf2c14c1429c548afced9cf3a4f27eb08e5c55886793c5d != 62ce4e64e1a12ddb2b60614db42e38e34ea8f8a54e75d15abd4240278f739121"
20180721085637,0130,625cf1ca0f15e6f65afbb9f14e63db9e80244ff31350dcd42d56b7012fcc5d65,"Failure:: Missing trace: LA001.nbt"
20180721085750,0028,1e98a94278b4337a1cc351fde2d3e086c023ba6bad409a661639f83c364234cc,"Failure:: Missing trace: LA004.nbt"
20180721085840,0098,9a61612be5aedff65a116f626a4decbc2732e3fb8bda0a064d7f8dd1d4f3ece4,"Success"
20180721090310,0123,329fdad1318acbc8af7ea968056704d0e91d8b552fbe7c020a294624e6c6e0d2,"Success"
20180721090606,0022,940d25f3a2adb004765b670d7ce9f91bb1a6f1334ae6d29852939805d656124d,"Success"
20180721091001,0081,60228d7216d5b545dce1cc8188fd4d42bd99c8223ea7f17cc58d4d7f0538b157,"Success"
20180721091025,0115,63eb718e63c625e00763abe4c7b72ec22976d5aebc850ce752812b92ab4101f4,"Success"
20180721091526,0129,ac0d96d6ad871ba7453ac6baa03546ba0b00840ee98a4d05adfb3d25a0029a16,"Success"
20180721091612,0137,c9dab2fbf74d010a7c031e09281826e6bb6481799397eac8d6210cfba63b1a9b,"Success"
20180721091811,0006,06957286e06686b2630fff047a1693931bb21bfbba60c19b45d15af871952475,"Success"
20180721091824,0130,0d556a0979a4e234bda131ce16a54c6247177884abdf71b4d4d93053035e622c,"Success"
20180721092032,0028,7428b16fa8132934775d1193b4d0941193384d1ac266c7e3d3222eab76be5a30,"Success"
20180721092527,0072,2a05e57db58878d49bdc21d8e9ccc5b86632c967afba25e4a23c6fc55ec0173b,"Failure:: SHA256 checksum did not match: 2a05e57db58878d49bdc21d8e9ccc5b86632c967afba25e4a23c6fc55ec0173b != 982b705c2781cf55e9208bb773e1a29b81658d6eca86d637a275cfb9d2227c95"
20180721092555,0017,6a656c2031a047f42304735eee85e0786b8ac670992e249ba576a6b5c2a57719,"Success"
20180721092712,0121,dc4aba92e02e1c08ab361425575bacf02f0e260c59a1cdaf9ded05aeb059d037,"Failure:: curl: (22) The requested URL returned error: 404 Not Found"
20180721092758,0048,98c234b705eee35b9384866c1aa71f3759ec480d7fcfc078bb37676cda8f0185,"Failure:: Extra file: LA163_lhmulti.nbt"
20180721093302,0133,2728c8b020edd7ea88069fc5781ae8da6c2cf49733ba4bf34a49ac6d0b6f908e,"Success"
20180721093332,0123,c1aacf63614baaf3cbe86cf4c911f7411d47d49b9a88f06417c0b3f5ca824830,"Success"
20180721093523,0079,d6241fd4cbeb6b3b6b3b88b3273caecfcba4a5811e032e2ffb6e9a2e0eebee84,"Success"
20180721093642,0022,fda2b13325483a1b0cf8100bb01ea3bca87176443d92e940a8a0f570795d0c65,"Success"
20180721094414,0048,0ccb68d739a085158304a9dc9344cbe8a09f0347a40571a0425c9c327eb29fd2,"Success"
20180721094619,0028,51c885732faacc383e00327d15be325a619279fb5ce92d5e709da5cc5fbd09e2,"Success"
20180721094853,0008,846c706586b490b37cf65be40334117f3f716611c29d1bdfe8c85551fbb4ae20,"Failure:: Extra file: submission/"
20180721095132,0018,6a7f35bc4269ae6bbf7349163fbe0956a5c2b70afda8b2dfafe1b1bae9c98acf,"Success"
20180721095607,0098,d155e6e2e6079371742fe4231ef32d3a58380de5bb63bda69bfb1d3077658000,"Success"
20180721100041,0072,2a05e57db58878d49bdc21d8e9ccc5b86632c967afba25e4a23c6fc55ec0173b,"Success"
20180721100201,0136,4482ecfb99c10ab76997a41833c4a7c54aaee92ec83fd2dc1decd8a9c46306af,"Failure:: SHA256 checksum did not match: 4482ecfb99c10ab76997a41833c4a7c54aaee92ec83fd2dc1decd8a9c46306af != 444cd967f6fa9e4075323aa8619e820765de09c1a1bc8e1fedaca9469d4421f5"
20180721100309,0123,5314e1f3753e130f8b6069b9caaf3098334d6cabe60821bfdede7ee4327256cc,"Success"
20180721100319,0121,ad3e8a3daf52238523e85fc7eb9920fb94d83869b94037f59bbf75ffac6ec498,"Failure:: Missing trace: LA002.nbt"
20180721100359,0047,15742b0cbff062428dc4988316e30aee77c70ab3e499401214ddd52bdd0ca7e9,"Success"
20180721100857,0020,e034e3d372afd44bea3d6a22f04dba623c5a4372455e55b79af1056cbc37ae34,"Failure:: Extra file: simple/LA001.nbt"
20180721101024,0079,7f01746e1e139c3e5ec7e0ec3babe11420baa316d9d9ced28f954c50109a4336,"Success"
20180721101036,0006,22aa97e614beeadb981bb6bfbbf603414b9cad9beb9f920e56041535b465c93c,"Success"
20180721101221,0134,c9dab2fbf74d010a7c031e09281826e6bb6481799397eac8d6210cfba63b1a9b,"Failure:: SHA256 checksum did not match: c9dab2fbf74d010a7c031e09281826e6bb6481799397eac8d6210cfba63b1a9b != ed484abb659c92b2e241b7c44f3bf595d95ad514afcf2c89ffc1773869e14895"
20180721101244,0028,8c98f1ca85f8dfb6cd720d010a3d6f1fccb433d593903ed2215c03e7946827fd,"Success"
20180721101256,0013,140dd6326019da0a427ca72f699b528932357b314a0d1b257ceb64f7aa892c13,"Success"
20180721101744,0008,062d1234930bf0aa76821f6f6f8dabe694aa79896eaa3445503a31702bff9c9b,"Success"
20180721101807,0053,39e4364f696ac76d19ebe52f4a990547d47aa284441a5b9dbeb1456c5221e8f5,"Success"
20180721101818,0123,75f0169f217c71eb5a6ba5073cc8742db335ddafe8542758bfe013f5e2a4ba85,"Success"
20180721101932,0022,287ace9d177ba0bc82a19a3a437d252d9d3779c6a4d9fc3e1f6ee552e34c8679,"Success"
20180721102143,0121,9a0fb459ac283cbd57aef82f0fc6872aa72d3e44346e9389415b8e827feeac54,"Failure:: curl: (22) The requested URL returned error: 404 Not Found"
20180721102251,0116,86224017a9c5f87e74a51d0cd36f30fa524217b6e47f0fd629f51b17e0e3e910,"Success"
20180721102409,0020,a2df7f53bc48ffb504c885eeb6c0d7faae50b2c7b3071773fbcce5a737f71eba,"Success"
20180721102926,0134,c9dab2fbf74d010a7c031e09281826e6bb6481799397eac8d6210cfba63b1a9b,"Success"
20180721103302,0027,7a133bbdcd8279b568d041a1ff08fee3fe695e51ca59fb48e8ff775809c9047b,"Failure:: Extra file: submission/LA001.nbt"
20180721103531,0145,7a9853b5b41c242bb4370442faf66454893900682aaaa29b1a32e64fc3af0a6a,"Success"
20180721103645,0079,567e38092c7616faae378c05c7893a62014d06cea6d394cff66df742ab5bba7e,"Success"
20180721104139,0129,d7b48a38b4271b7148ccfbee5c3aa2405736a3fb16c4678ba444652bf9f412b2,"Success"
20180721104303,0144,1c8b586695e26031d6772dd545bd21d1cac1a83aead0a902da4919694ae42f72,"Failure:: SHA256 checksum did not match: 1c8b586695e26031d6772dd545bd21d1cac1a83aead0a902da4919694ae42f72 != 3cfcf9cb3a84af27e7a27c77705fecfc6b03b1f8fd9668583fe5db33eedd2651"
20180721104809,0123,3fb87f17680cf357c530ea8b201cf5434bbc2ac2ac4500268cadfcf04efefdfc,"Success"
20180721104811,0099,b8baf3916e6cf8b5636cf8ef45b45cfa4ab7ee6c622af4234964992d7b01798f,"Success"
20180721104828,0027,4bf2566d9c7b0598ac49b9fc48ef453f9743e3ff3aa77c579889dfa4d0f5cb8e,"Failure:: Extra file: submission/LA001.nbt"
20180721105032,0133,12aff5f15c5a6083b9c8d700dbb24b2ce8fda501c9b2f4afda518af64569bf1f,"Success"
20180721105245,0111,8d91e64d7b471ca85f650bc6e66a8c6212e0ddaa17b04bf0e1e30e55db5701d2,"Success"
20180721105353,0116,510c48caedc3437b97e8dc59ef35dcfc07fc8f0c21dcb95c8171c59b5fbed8fa,"Success"
20180721105635,0022,425bb4dfb72e65a183a8305ddc14ae2e69e5cb01f2afb8360405edde94d0cb60,"Success"
20180721110309,0123,35227b37b5fc1a9010a6796b10c7ab7e147c72b62f852f5b443afcf01c10d89b,"Success"
20180721110402,0121,c1a689655dad10ef92ca74dacd70255e84a76a91604308179ebb98a8df585c48,"Success"
20180721110432,0098,f28fcc71c436bffa08f85139c23ae62e18c609c47b62d8157cdbc47f590fbf0d,"Success"
20180721110743,0027,0abbf97147f41135c6ed1f7463b244612798024e9e3ba9d94bf5d606a078ae77,"Success"
20180721110909,0053,9c8ed0dc49fe296d6cdce9abc0b202cae1eb65d9a3c1a5e6fb169f342a56e421,"Success"
20180721111020,0042,a8474d83c7d304a75ba7176ffe886131de733aff22f7580fc891e902ac615ec5,"Failure:: Extra file: out/"
20180721111245,0079,07602960f5efb2f674d81cdd0d72fa43a733341187bab5bb0f662bed5309b56e,"Success"
20180721111852,0020,9d7c2d1b6d167451ab5d9522d2efac86e98e15f9ce7a3b23234e3954614ab585,"Success"
20180721112244,0069,d12a7f77e356c3e2fdb92566490ecd6cd8617a52aa171aedbc259686ef6ea90f,"Failure:: Unknown error extracting compressed files from zip archive"
20180721112428,0144,8471e4d754d1a83e0435ddc44f8cbe39d2a888a8cbcad9fc197c9da4124e64b2,"Failure:: SHA256 checksum did not match: 8471e4d754d1a83e0435ddc44f8cbe39d2a888a8cbcad9fc197c9da4124e64b2 != 2107f5aedfdebb9bb7652d79a8930dab24ab8a4eb4a036ca1e7aab3b2839dc76"
20180721112544,0098,f28fcc71c436bffa08f85139c23ae62e18c609c47b62d8157cdbc47f590fbf0d,"Failure:: SHA256 checksum did not match: f28fcc71c436bffa08f85139c23ae62e18c609c47b62d8157cdbc47f590fbf0d != bf0ce4811a2c8bc92353cc64f97f9e41505c2f1916e81a29b9477b5a2df12d2e"
20180721112703,0042,7fb63359fd08facacd2c3e1ec769475c1df82e3fe544a5d6ca7c0240c15d3739,"Failure:: SHA256 checksum did not match: 7fb63359fd08facacd2c3e1ec769475c1df82e3fe544a5d6ca7c0240c15d3739 != a8474d83c7d304a75ba7176ffe886131de733aff22f7580fc891e902ac615ec5"
20180721113125,0063,4e1ba6777e1e4b7761447eebbef334b691709ed97c1e35e8a3db7949ea80d74d,"Success"
20180721113309,0123,e654a7e29579b2e357d151122cb75aa5736ea9c81d8e2d34cf6cba74afd8104f,"Success"
